id,chatgpt_response,code_1,code_2,code_3,code_4,code_5,code_6
36882406,1 1 2 4 1 99,1,1,2,4,1,99
49778021,1 1 2 4 1 6,1,1,2,4,1,6
27011345,0 99 99 99 99 99,0,99,99,99,99,99
36961386,0 99 99 99 99 99,0,99,99,99,99,99
53279681,1 1 2 4 1 99,1,1,2,4,1,99
40740116,1 99 99 99 99 99,1,99,99,99,99,99
52500370,1 3 1 99 99 99,1,3,1,99,99,99
37855073,1 1 2 4 1 99,1,1,2,4,1,99
39185089,0 99 99 99 99 99,0,99,99,99,99,99
28345892,0 99 99 99 99 99,0,99,99,99,99,99
43198928,1 99 99 99 99 99,1,99,99,99,99,99
37850165,0 99 99 99 99 99,0,99,99,99,99,99
43098685,0 99 99 99 99 99,0,99,99,99,99,99
50971203,1 1 99 99 99 99,1,1,99,99,99,99
48451289,1 1 2 4 1 99,1,1,2,4,1,99
54638606,1 3 1 99 99 99,1,3,1,99,99,99
40319223,1 3 1 99 99 99,1,3,1,99,99,99
39484457,0 99 99 99 99 99,0,99,99,99,99,99
38509505,0 99 99 99 99 99,0,99,99,99,99,99
43403962,1 3 1 99 99 99,1,3,1,99,99,99
46492010,0 99 99 99 99 99,0,99,99,99,99,99
46425034,1 99 99 99 99 99,1,99,99,99,99,99
48253598,0 99 99 99 99 99,0,99,99,99,99,99
44932931,0 99 99 99 99 99,0,99,99,99,99,99
55044929,0 99 99 99 99 99,0,99,99,99,99,99
36931585,1 1 2 5 1 6,1,1,2,5,1,6
51994552,1 99 99 99 99 99,1,99,99,99,99,99
50820832,0 99 99 99 99 99,0,99,99,99,99,99
44595263,0 99 99 99 99 99,0,99,99,99,99,99
634679,1 3 1 99 99 99,1,3,1,99,99,99
40674593,1 1 2 4 1 99,1,1,2,4,1,99
50957889,1 1 2 4 1 99,1,1,2,4,1,99
37036695,0 99 99 99 99 99,0,99,99,99,99,99
38480700,1 99 99 99 99 99,1,99,99,99,99,99
38464956,0 99 99 99 99 99,0,99,99,99,99,99
38635577,1 3 1 99 99 99,1,3,1,99,99,99
36322563,1 99 99 99 99 99,1,99,99,99,99,99
38582414,0 99 99 99 99 99,0,99,99,99,99,99
30953872,0 99 99 99 99 99,0,99,99,99,99,99
55597137,0 99 99 99 99 99,0,99,99,99,99,99
49349981,0 99 99 99 99 99,0,99,99,99,99,99
42214173,0 99 99 99 99 99,0,99,99,99,99,99
37080967,1 4 1 99 99 99,1,4,1,99,99,99
55561066,0 99 99 99 99 99,0,99,99,99,99,99
45134457,0 99 99 99 99 99,0,99,99,99,99,99
43784431,0 99 99 99 99 99,0,99,99,99,99,99
51578792,0 99 99 99 99 99,0,99,99,99,99,99
50184680,1 1 2 4 1 99,1,1,2,4,1,99
43065531,1 1 2 4 1 3,1,1,2,4,1,3
53852721,0 99 99 99 99 99,0,99,99,99,99,99
44525600,1 1 2 4 1 99,1,1,2,4,1,99
35939321,0 99 99 99 99 99,0,99,99,99,99,99
46676770,0 99 99 99 99 99,0,99,99,99,99,99
42296483,1 3 1 99 99 99,1,3,1,99,99,99
28301628,1 1 2 4 1 99,1,1,2,4,1,99
44157432,1 1 2 4 1 99,1,1,2,4,1,99
51008372,,,NA,NA,NA,NA,NA
27788986,0 99 99 99 99 99,0,99,99,99,99,99
48401809,1 1 2 4 1 99,1,1,2,4,1,99
30130037,,,NA,NA,NA,NA,NA
29247379,0 99 99 99 99 99,0,99,99,99,99,99
535554,1 3 1 99 99 99,1,3,1,99,99,99
38159737,0 99 99 99 99 99,0,99,99,99,99,99
42556313,0 99 99 99 99 99,0,99,99,99,99,99
43069496,1 1 2 4 1 3,1,1,2,4,1,3
36878933,,,NA,NA,NA,NA,NA
38150315,0 99 99 99 99 99,0,99,99,99,99,99
38564663,,,NA,NA,NA,NA,NA
28377043,1 3 1 99 99 99,1,3,1,99,99,99
54031513,1 3 1 99 99 99,1,3,1,99,99,99
39102248,,,NA,NA,NA,NA,NA
42629405,1 1 2 4 1 3,1,1,2,4,1,3
29931414,0 99 99 99 99 99,0,99,99,99,99,99
37867659,,,NA,NA,NA,NA,NA
37802593,0 99 99 99 99 99,0,99,99,99,99,99
37957921,0 99 99 99 99 99,0,99,99,99,99,99
35723271,,,NA,NA,NA,NA,NA
37692848,,,NA,NA,NA,NA,NA
54373197,0 99 99 99 99 99,0,99,99,99,99,99
47598966,0 99 99 99 99 99,0,99,99,99,99,99
44899444,1 1 2 4 1 3,1,1,2,4,1,3
47490019,0 99 99 99 99 99,0,99,99,99,99,99
38751586,0 99 99 99 99 99,0,99,99,99,99,99
40668631,1 1 2 4 1 99,1,1,2,4,1,99
46767118,0 99 99 99 99 99,0,99,99,99,99,99
38264394,,,NA,NA,NA,NA,NA
38067899,0 99 99 99 99 99,0,99,99,99,99,99
35717649,0 99 99 99 99 99,0,99,99,99,99,99
35979961,,,NA,NA,NA,NA,NA
28355353,0 99 99 99 99 99,0,99,99,99,99,99
53029341,,,NA,NA,NA,NA,NA
37165994,,,NA,NA,NA,NA,NA
50986821,0 99 99 99 99 99,0,99,99,99,99,99
36943473,0 99 99 99 99 99,0,99,99,99,99,99
26891113,0 99 99 99 99 99,0,99,99,99,99,99
54172445,1 99 99 99 99 99,1,99,99,99,99,99
50579794,1 3 1 99 99 99,1,3,1,99,99,99
47777715,,,NA,NA,NA,NA,NA
54611141,1 1 2 4 1 99,1,1,2,4,1,99
46436069,,,NA,NA,NA,NA,NA
36742161,0 99 99 99 99 99,0,99,99,99,99,99
819895,0 99 99 99 99 99,0,99,99,99,99,99
52660382,1 99 99 99 99 99,1,99,99,99,99,99
38078295,1 1 2 4 1 99,1,1,2,4,1,99
47803207,,,NA,NA,NA,NA,NA
31721466,1 1 2 4 1 99,1,1,2,4,1,99
40320724,,,NA,NA,NA,NA,NA
37861302,1 1 2 4 1 1,1,1,2,4,1,1
52767933,0 99 99 99 99 99,0,99,99,99,99,99
37465987,1 1 1 4 1 99,1,1,1,4,1,99
50387387,,,NA,NA,NA,NA,NA
28989802,0 99 99 99 99 99,0,99,99,99,99,99
42382637,1 3 1 99 99 99,1,3,1,99,99,99
29224961,0 99 99 99 99 99,0,99,99,99,99,99
47603340,,,NA,NA,NA,NA,NA
28578523,0 99 99 99 99 99,0,99,99,99,99,99
34870632,1 1 2 4 1 99,1,1,2,4,1,99
45590281,0 99 99 99 99 99,0,99,99,99,99,99
1031345,1 3 1 99 99 99,1,3,1,99,99,99
39739355,1 1 2 4 1 99,1,1,2,4,1,99
53811376,1 1 2 4 1 99,1,1,2,4,1,99
38722853,0 99 99 99 99 99,0,99,99,99,99,99
41703268,1 1 2 4 1 99,1,1,2,4,1,99
36308535,0 99 99 99 99 99,0,99,99,99,99,99
29293957,0 99 99 99 99 99,0,99,99,99,99,99
44879577,,,NA,NA,NA,NA,NA
34979752,1 1 2 4 1 99,1,1,2,4,1,99
37270455,0 99 99 99 99 99,0,99,99,99,99,99
35989247,0 99 99 99 99 99,0,99,99,99,99,99
43932403,,,NA,NA,NA,NA,NA
30280355,,,NA,NA,NA,NA,NA
42998863,0 99 99 99 99 99,0,99,99,99,99,99
27000041,0 99 99 99 99 99,0,99,99,99,99,99
29335396,,,NA,NA,NA,NA,NA
37190342,0 99 99 99 99 99,0,99,99,99,99,99
41350466,0 99 99 99 99 99,0,99,99,99,99,99
33826386,0 99 99 99 99 99,0,99,99,99,99,99
44131896,0 99 99 99 99 99,0,99,99,99,99,99
48764165,1 1 2 4 1 1,1,1,2,4,1,1
44057537,,,NA,NA,NA,NA,NA
25571375,0 99 99 99 99 99,0,99,99,99,99,99
45200524,0 99 99 99 99 99,0,99,99,99,99,99
36678020,0 99 99 99 99 99,0,99,99,99,99,99
52747700,,,NA,NA,NA,NA,NA
43693605,0 99 99 99 99 99,0,99,99,99,99,99
36595691,1 3 1 99 99 99,1,3,1,99,99,99
54566581,,,NA,NA,NA,NA,NA
38474107,0 99 99 99 99 99,0,99,99,99,99,99
54032006,1 1 2 4 1 99,1,1,2,4,1,99
47932981,,,NA,NA,NA,NA,NA
35249263,0 99 99 99 99 99,0,99,99,99,99,99
42205381,1 3 1 99 99 99,1,3,1,99,99,99
43430222,1 1 2 4 1 6,1,1,2,4,1,6
30564894,1 1 2 4 1 99,1,1,2,4,1,99
37180031,,,NA,NA,NA,NA,NA
33968496,0 99 99 99 99 99,0,99,99,99,99,99
37869067,0 99 99 99 99 99,0,99,99,99,99,99
46564260,0 99 99 99 99 99,0,99,99,99,99,99
35981230,0 99 99 99 99 99,0,99,99,99,99,99
55390736,,,NA,NA,NA,NA,NA
30809825,1 1 2 4 1 1,1,1,2,4,1,1
45288629,0 99 99 99 99 99,0,99,99,99,99,99
46404797,1 99 99 99 99 99,1,99,99,99,99,99
38960393,,,NA,NA,NA,NA,NA
36718389,0 99 99 99 99 99,0,99,99,99,99,99
50564393,,,NA,NA,NA,NA,NA
45966043,0 99 99 99 99 99,0,99,99,99,99,99
38862161,0 99 99 99 99 99,0,99,99,99,99,99
37335535,,,NA,NA,NA,NA,NA
38166277,1 1 2 4 1 99,1,1,2,4,1,99
36898865,1 1 2 4 1 99,1,1,2,4,1,99
47482605,0 99 99 99 99 99,0,99,99,99,99,99
48083189,,,NA,NA,NA,NA,NA
55144360,1 1 2 4 1 99,1,1,2,4,1,99
53755412,,,NA,NA,NA,NA,NA
50580628,0 99 99 99 99 99,0,99,99,99,99,99
48230414,0 99 99 99 99 99,0,99,99,99,99,99
36358479,,,NA,NA,NA,NA,NA
54107485,0 99 99 99 99 99,0,99,99,99,99,99
33399299,1 99 99 99 99 99,1,99,99,99,99,99
48907380,,,NA,NA,NA,NA,NA
46452950,0 99 99 99 99 99,0,99,99,99,99,99
36927337,0 99 99 99 99 99,0,99,99,99,99,99
51162659,1 1 2 4 1 99,1,1,2,4,1,99
49743709,,,NA,NA,NA,NA,NA
32130203,1 99 99 99 99 99,1,99,99,99,99,99
39038026,0 99 99 99 99 99,0,99,99,99,99,99
45663901,0 99 99 99 99 99,0,99,99,99,99,99
50703857,0 99 99 99 99 99,0,99,99,99,99,99
41431709,0 99 99 99 99 99,0,99,99,99,99,99
46023047,,,NA,NA,NA,NA,NA
37834822,0 99 99 99 99 99,0,99,99,99,99,99
48437229,,,NA,NA,NA,NA,NA
42505185,0 99 99 99 99 99,0,99,99,99,99,99
42294503,0 99 99 99 99 99,0,99,99,99,99,99
37388495,0 99 99 99 99 99,0,99,99,99,99,99
55634325,0 99 99 99 99 99,0,99,99,99,99,99
53244214,1 99 99 99 99 99,1,99,99,99,99,99
36900181,1 1 2 4 1 99,1,1,2,4,1,99
37726555,,,NA,NA,NA,NA,NA
51565739,,,NA,NA,NA,NA,NA
43326794,0 99 99 99 99 99,0,99,99,99,99,99
49514178,1 3 1 99 99 99,1,3,1,99,99,99
42710949,1 1 2 4 1 99,1,1,2,4,1,99
174076,1 1 2 5 1 99,1,1,2,5,1,99
50226099,0 99 99 99 99 99,0,99,99,99,99,99
44133171,,,NA,NA,NA,NA,NA
44856818,,,NA,NA,NA,NA,NA
42879731,,,NA,NA,NA,NA,NA
748016,0 99 99 99 99 99,0,99,99,99,99,99
31707223,1 1 2 4 1 99,1,1,2,4,1,99
48955517,1 1 2 4 1 6,1,1,2,4,1,6
54375399,1 3 1 99 99 99,1,3,1,99,99,99
32076435,1 1 2 5 1 99,1,1,2,5,1,99
35111165,0 99 99 99 99 99,0,99,99,99,99,99
37681376,1 1 2 4 1 6,1,1,2,4,1,6
407307,1 1 2 4 1 99,1,1,2,4,1,99
51156263,,,NA,NA,NA,NA,NA
40910311,1 1 2 4 1 99,1,1,2,4,1,99
37866590,1 99 99 99 99 99,1,99,99,99,99,99
44692044,,,NA,NA,NA,NA,NA
29125995,0 99 99 99 99 99,0,99,99,99,99,99
37841887,1 1 1 3 99 99,1,1,1,3,99,99
33968191,0 99 99 99 99 99,0,99,99,99,99,99
50567735,,,NA,NA,NA,NA,NA
47382342,1 1 2 5 1 1,1,1,2,5,1,1
47104995,1 99 99 99 99 99,1,99,99,99,99,99
38533145,0 99 99 99 99 99,0,99,99,99,99,99
27607786,0 99 99 99 99 99,0,99,99,99,99,99
50519999,0 99 99 99 99 99,0,99,99,99,99,99
55441795,0 99 99 99 99 99,0,99,99,99,99,99
44490107,0 99 99 99 99 99,0,99,99,99,99,99
32240300,,,NA,NA,NA,NA,NA
36456704,1 4 1 99 99 99,1,4,1,99,99,99
35264698,1 1 2 4 1 99,1,1,2,4,1,99
48407179,0 99 99 99 99 99,0,99,99,99,99,99
42193370,,,NA,NA,NA,NA,NA
45851126,,,NA,NA,NA,NA,NA
54032959,0 99 99 99 99 99,0,99,99,99,99,99
35301910,1 1 2 4 1 6,1,1,2,4,1,6
46790695,0 99 99 99 99 99,0,99,99,99,99,99
44900422,1 1 2 4 1 99,1,1,2,4,1,99
49594797,,,NA,NA,NA,NA,NA
40834894,,,NA,NA,NA,NA,NA
38070644,1 1 1 99 99 99,1,1,1,99,99,99
44777028,,,NA,NA,NA,NA,NA
68782,0 99 99 99 99 99,0,99,99,99,99,99
42237766,1 1 2 4 1 99,1,1,2,4,1,99
53988200,0 99 99 99 99 99,0,99,99,99,99,99
51565739,,,NA,NA,NA,NA,NA
40883028,0 99 99 99 99 99,0,99,99,99,99,99
54165480,0 99 99 99 99 99,0,99,99,99,99,99
41229999,0 99 99 99 99 99,0,99,99,99,99,99
31393156,0 99 99 99 99 99,0,99,99,99,99,99
54291511,0 99 99 99 99 99,0,99,99,99,99,99
53811014,1 1 2 4 1 99,1,1,2,4,1,99
50186871,0 99 99 99 99 99,0,99,99,99,99,99
43062097,0 99 99 99 99 99,0,99,99,99,99,99
36065006,,,NA,NA,NA,NA,NA
36637436,0 99 99 99 99 99,0,99,99,99,99,99
47579463,1 1 2 4 1 99,1,1,2,4,1,99
46263924,0 99 99 99 99 99,0,99,99,99,99,99
35694445,,,NA,NA,NA,NA,NA
54680098,0 99 99 99 99 99,0,99,99,99,99,99
52554492,,,NA,NA,NA,NA,NA
42003090,0 99 99 99 99 99,0,99,99,99,99,99
48422995,0 99 99 99 99 99,0,99,99,99,99,99
40700743,1 1 2 4 1 99,1,1,2,4,1,99
49953710,1 1 1 4 1 99,1,1,1,4,1,99
37523608,0 99 99 99 99 99,0,99,99,99,99,99
27011458,0 99 99 99 99 99,0,99,99,99,99,99
51605975,1 3 1 99 99 99,1,3,1,99,99,99
48988715,1 99 99 99 99 99,1,99,99,99,99,99
55587908,0 99 99 99 99 99,0,99,99,99,99,99
52637907,0 99 99 99 99 99,0,99,99,99,99,99
50919308,,,NA,NA,NA,NA,NA
51565739,,,NA,NA,NA,NA,NA
32762620,0 99 99 99 99 99,0,99,99,99,99,99
51648041,0 99 99 99 99 99,0,99,99,99,99,99
47028297,0 99 99 99 99 99,0,99,99,99,99,99
53230725,1 1 1 3 99 99,1,1,1,3,99,99
51745678,0 99 99 99 99 99,0,99,99,99,99,99
53197334,1 3 1 99 99 99,1,3,1,99,99,99
28161820,1 1 2 4 1 99,1,1,2,4,1,99
30764072,1 1 2 4 1 99,1,1,2,4,1,99
30771147,,,NA,NA,NA,NA,NA
48145212,0 99 99 99 99 99,0,99,99,99,99,99
51403257,0 99 99 99 99 99,0,99,99,99,99,99
45521491,0 99 99 99 99 99,0,99,99,99,99,99
47543364,1 1 2 5 1 1,1,1,2,5,1,1
49452216,0 99 99 99 99 99,0,99,99,99,99,99
54498668,0 99 99 99 99 99,0,99,99,99,99,99
30103643,0 99 99 99 99 99,0,99,99,99,99,99
50385401,1 1 2 4 1 99,1,1,2,4,1,99
37728725,0 99 99 99 99 99,0,99,99,99,99,99
49974883,,,NA,NA,NA,NA,NA
37374059,,,NA,NA,NA,NA,NA
548410,0 99 99 99 99 99,0,99,99,99,99,99
50829227,,,NA,NA,NA,NA,NA
43601502,1 1 2 4 1 99,1,1,2,4,1,99
40340381,1 1 2 4 1 99,1,1,2,4,1,99
44259120,1 3 1 99 99 99,1,3,1,99,99,99
52919784,0 99 99 99 99 99,0,99,99,99,99,99
37673682,1 3 1 99 99 99,1,3,1,99,99,99
36826746,0 99 99 99 99 99,0,99,99,99,99,99
51577829,0 99 99 99 99 99,0,99,99,99,99,99
37125395,1 1 2 4 1 99,1,1,2,4,1,99
29890489,0 99 99 99 99 99,0,99,99,99,99,99
34967438,1 1 2 4 1 99,1,1,2,4,1,99
51565739,,,NA,NA,NA,NA,NA
38284287,0 99 99 99 99 99,0,99,99,99,99,99
50910443,0 99 99 99 99 99,0,99,99,99,99,99
44243023,0 99 99 99 99 99,0,99,99,99,99,99
38373728,0 99 99 99 99 99,0,99,99,99,99,99
28261633,0 99 99 99 99 99,0,99,99,99,99,99
817343,0 99 99 99 99 99,0,99,99,99,99,99
48027114,0 99 99 99 99 99,0,99,99,99,99,99
46807705,0 99 99 99 99 99,0,99,99,99,99,99
43955163,0 99 99 99 99 99,0,99,99,99,99,99
40866190,0 99 99 99 99 99,0,99,99,99,99,99
53267144,1 1 2 4 5 1,1,1,2,4,5,1
52554434,0 99 99 99 99 99,0,99,99,99,99,99
31130457,0 99 99 99 99 99,0,99,99,99,99,99
31677968,0 99 99 99 99 99,0,99,99,99,99,99
27210080,0 99 99 99 99 99,0,99,99,99,99,99
33569399,1 1 2 4 1 99,1,1,2,4,1,99
37883248,0 99 99 99 99 99,0,99,99,99,99,99
33141567,0 99 99 99 99 99,0,99,99,99,99,99
51002555,0 99 99 99 99 99,0,99,99,99,99,99
27768433,1 4 1 99 99 99,1,4,1,99,99,99
40269348,0 99 99 99 99 99,0,99,99,99,99,99
33202866,0 99 99 99 99 99,0,99,99,99,99,99
41388824,0 99 99 99 99 99,0,99,99,99,99,99
30958810,0 99 99 99 99 99,0,99,99,99,99,99
32878476,0 99 99 99 99 99,0,99,99,99,99,99
30672268,1 1 2 4 1 99,1,1,2,4,1,99
36070629,0 99 99 99 99 99,0,99,99,99,99,99
45370113,0 99 99 99 99 99,0,99,99,99,99,99
41856183,0 99 99 99 99 99,0,99,99,99,99,99
423538,1 1 2 4 1 1,1,1,2,4,1,1
36415684,1 1 2 4 1 99,1,1,2,4,1,99
38021195,0 99 99 99 99 99,0,99,99,99,99,99
38070797,1 1 2 4 1 6,1,1,2,4,1,6
47266631,1 1 2 4 1 99,1,1,2,4,1,99
37827036,0 99 99 99 99 99,0,99,99,99,99,99
39037656,0 99 99 99 99 99,0,99,99,99,99,99
55638178,0 99 99 99 99 99,0,99,99,99,99,99
47248685,0 99 99 99 99 99,0,99,99,99,99,99
29767232,0 99 99 99 99 99,0,99,99,99,99,99
27949407,0 99 99 99 99 99,0,99,99,99,99,99
38110538,1 3 1 99 99 99,1,3,1,99,99,99
42713292,0 99 99 99 99 99,0,99,99,99,99,99
47989910,0 99 99 99 99 99,0,99,99,99,99,99
43066353,1 1 2 5 1 99,1,1,2,5,1,99
30162890,1 1 2 5 1 99,1,1,2,5,1,99
28058264,0 99 99 99 99 99,0,99,99,99,99,99
26985056,0 99 99 99 99 99,0,99,99,99,99,99
41156303,1 3 1 99 99 99,1,3,1,99,99,99
38899959,1 3 1 99 99 99,1,3,1,99,99,99
42286961,0 99 99 99 99 99,0,99,99,99,99,99
38242636,1 3 1 99 99 99,1,3,1,99,99,99
44688032,0 99 99 99 99 99,0,99,99,99,99,99
42964277,1 1 2 4 1 99,1,1,2,4,1,99
52497908,1 3 1 99 99 99,1,3,1,99,99,99
43174904,0 99 99 99 99 99,0,99,99,99,99,99
42278865,1 1 2 4 1 99,1,1,2,4,1,99
27049533,0 99 99 99 99 99,0,99,99,99,99,99
55559759,0 99 99 99 99 99,0,99,99,99,99,99
37869574,0 99 99 99 99 99,0,99,99,99,99,99
36155106,1 1 2 4 1 6,1,1,2,4,1,6
43700593,1 99 99 99 99 99,1,99,99,99,99,99
40210506,0 99 99 99 99 99,0,99,99,99,99,99
51824809,0 99 99 99 99 99,0,99,99,99,99,99
38549451,0 99 99 99 99 99,0,99,99,99,99,99
34980718,0 99 99 99 99 99,0,99,99,99,99,99
37893350,1 1 2 4 1 2,1,1,2,4,1,2
49852296,1 99 99 99 99 99,1,99,99,99,99,99
29772939,0 99 99 99 99 99,0,99,99,99,99,99
43684892,1 3 1 99 99 99,1,3,1,99,99,99
53831399,1 1 2 4 1 6,1,1,2,4,1,6
42917325,0 99 99 99 99 99,0,99,99,99,99,99
42815759,0 99 99 99 99 99,0,99,99,99,99,99
46901385,1 3 1 99 99 99,1,3,1,99,99,99
44141655,0 99 99 99 99 99,0,99,99,99,99,99
37730106,0 99 99 99 99 99,0,99,99,99,99,99
34936774,1 1 2 4 1 6,1,1,2,4,1,6
33013351,1 1 1 4 1 1,1,1,1,4,1,1
29005734,0 99 99 99 99 99,0,99,99,99,99,99
50948796,,,NA,NA,NA,NA,NA
50411943,0 99 99 99 99 99,0,99,99,99,99,99
35044715,1 3 1 99 99 99,1,3,1,99,99,99
49967800,,,NA,NA,NA,NA,NA
43779753,0 99 99 99 99 99,0,99,99,99,99,99
46193979,1 1 2 4 1 99,1,1,2,4,1,99
38008176,0 99 99 99 99 99,0,99,99,99,99,99
38469183,1 1 2 4 1 99,1,1,2,4,1,99
53510077,0 99 99 99 99 99,0,99,99,99,99,99
30867102,,,NA,NA,NA,NA,NA
37410021,0 99 99 99 99 99,0,99,99,99,99,99
42296655,0 99 99 99 99 99,0,99,99,99,99,99
47339657,,,NA,NA,NA,NA,NA
50345868,1 1 2 4 1 3,1,1,2,4,1,3
36824109,1 1 2 4 1 99,1,1,2,4,1,99
47248402,0 99 99 99 99 99,0,99,99,99,99,99
44589388,,,NA,NA,NA,NA,NA
27944000,0 99 99 99 99 99,0,99,99,99,99,99
40217644,0 99 99 99 99 99,0,99,99,99,99,99
37039344,,,NA,NA,NA,NA,NA
25740447,0 99 99 99 99 99,0,99,99,99,99,99
45919707,0 99 99 99 99 99,0,99,99,99,99,99
48498690,0 99 99 99 99 99,0,99,99,99,99,99
35836876,0 99 99 99 99 99,0,99,99,99,99,99
48826275,0 99 99 99 99 99,0,99,99,99,99,99
36448594,1 1 2 4 1 99,1,1,2,4,1,99
50402486,,,NA,NA,NA,NA,NA
53359264,1 3 1 99 99 99,1,3,1,99,99,99
43305267,1 99 99 99 99 99,1,99,99,99,99,99
34420343,0 99 99 99 99 99,0,99,99,99,99,99
817983,1 1 2 4 1 99,1,1,2,4,1,99
49513062,0 99 99 99 99 99,0,99,99,99,99,99
36754455,0 99 99 99 99 99,0,99,99,99,99,99
38560397,,,NA,NA,NA,NA,NA
43384228,,,NA,NA,NA,NA,NA
50673880,1 99 99 99 99 99,1,99,99,99,99,99
34675228,0 99 99 99 99 99,0,99,99,99,99,99
37022932,0 99 99 99 99 99,0,99,99,99,99,99
37097839,0 99 99 99 99 99,0,99,99,99,99,99
51363071,1 3 2 5 1 99,1,3,2,5,1,99
38073715,,,NA,NA,NA,NA,NA
36236065,1 1 2 4 1 99,1,1,2,4,1,99
31839584,,,NA,NA,NA,NA,NA
51464916,0 99 99 99 99 99,0,99,99,99,99,99
48330843,1 99 99 99 99 99,1,99,99,99,99,99
42637707,1 1 2 5 2 99,1,1,2,5,2,99
30939173,0 99 99 99 99 99,0,99,99,99,99,99
50261170,,,NA,NA,NA,NA,NA
49680895,0 99 99 99 99 99,0,99,99,99,99,99
52498608,,,NA,NA,NA,NA,NA
906966,0 99 99 99 99 99,0,99,99,99,99,99
47291869,0 99 99 99 99 99,0,99,99,99,99,99
368843,1 99 99 99 99 99,1,99,99,99,99,99
37632671,0 99 99 99 99 99,0,99,99,99,99,99
48778958,,,NA,NA,NA,NA,NA
49125916,,,NA,NA,NA,NA,NA
55159572,0 99 99 99 99 99,0,99,99,99,99,99
52145914,1 1 2 4 1 99,1,1,2,4,1,99
460235,1 3 1 99 99 99,1,3,1,99,99,99
55659983,0 99 99 99 99 99,0,99,99,99,99,99
28669221,1 1 2 4 1 99,1,1,2,4,1,99
37919789,1 99 99 99 99 99,1,99,99,99,99,99
47518718,0 99 99 99 99 99,0,99,99,99,99,99
39910328,0 99 99 99 99 99,0,99,99,99,99,99
45794010,,,NA,NA,NA,NA,NA
41335054,1 1 2 4 1 99,1,1,2,4,1,99
53942366,,,NA,NA,NA,NA,NA
51624865,1 3 1 99 99 99,1,3,1,99,99,99
33585610,,,NA,NA,NA,NA,NA
51565739,,,NA,NA,NA,NA,NA
45622820,0 99 99 99 99 99,0,99,99,99,99,99
25461940,0 99 99 99 99 99,0,99,99,99,99,99
28225454,1 3 99 99 99 99,1,3,99,99,99,99
31988327,0 99 99 99 99 99,0,99,99,99,99,99
38575161,1 99 99 99 99 99,1,99,99,99,99,99
46188139,1 1 2 4 1 99,1,1,2,4,1,99
38892492,0 99 99 99 99 99,0,99,99,99,99,99
51565739,,,NA,NA,NA,NA,NA
28647524,0 99 99 99 99 99,0,99,99,99,99,99
40596292,0 99 99 99 99 99,0,99,99,99,99,99
47590912,1 1 2 4 1 99,1,1,2,4,1,99
28757928,0 99 99 99 99 99,0,99,99,99,99,99
43139834,0 99 99 99 99 99,0,99,99,99,99,99
35352244,1 3 99 99 99 99,1,3,99,99,99,99
35942007,1 3 1 99 99 99,1,3,1,99,99,99
49377284,1 1 2 4 1 99,1,1,2,4,1,99
37056229,1 99 99 99 99 99,1,99,99,99,99,99
44433276,0 99 99 99 99 99,0,99,99,99,99,99
49289608,0 99 99 99 99 99,0,99,99,99,99,99
37812183,1 3 1 99 99 99,1,3,1,99,99,99
49371506,,,NA,NA,NA,NA,NA
40784801,0 99 99 99 99 99,0,99,99,99,99,99
49382061,1 1 2 4 1 99,1,1,2,4,1,99
26841362,0 99 99 99 99 99,0,99,99,99,99,99
29515380,0 99 99 99 99 99,0,99,99,99,99,99
53216837,1 3 1 99 99 99,1,3,1,99,99,99
42816331,0 99 99 99 99 99,0,99,99,99,99,99
42237323,,,NA,NA,NA,NA,NA
43919212,1 3 2 99 99 99,1,3,2,99,99,99
42381060,0 99 99 99 99 99,0,99,99,99,99,99
37745767,,,NA,NA,NA,NA,NA
39104622,0 99 99 99 99 99,0,99,99,99,99,99
28274014,0 99 99 99 99 99,0,99,99,99,99,99
48838904,0 99 99 99 99 99,0,99,99,99,99,99
36438374,,,NA,NA,NA,NA,NA
42121056,0 99 99 99 99 99,0,99,99,99,99,99
28374467,0 99 99 99 99 99,0,99,99,99,99,99
53991267,,,NA,NA,NA,NA,NA
30579960,0 99 99 99 99 99,0,99,99,99,99,99
35972449,1 3 1 99 99 99,1,3,1,99,99,99
38561426,0 99 99 99 99 99,0,99,99,99,99,99
37270158,1 4 1 99 99 99,1,4,1,99,99,99
43371600,0 99 99 99 99 99,0,99,99,99,99,99
45942804,,,NA,NA,NA,NA,NA
36354967,0 99 99 99 99 99,0,99,99,99,99,99
40723621,0 99 99 99 99 99,0,99,99,99,99,99
49869266,,,NA,NA,NA,NA,NA
27942434,0 99 99 99 99 99,0,99,99,99,99,99
34925400,1 3 1 99 99 99,1,3,1,99,99,99
54048416,,,NA,NA,NA,NA,NA
34807414,0 99 99 99 99 99,0,99,99,99,99,99
50040852,1 1 2 4 1 99,1,1,2,4,1,99
55555485,,,NA,NA,NA,NA,NA
32217879,0 99 99 99 99 99,0,99,99,99,99,99
42548375,0 99 99 99 99 99,0,99,99,99,99,99
47615473,1 1 2 4 1 99,1,1,2,4,1,99
53810674,0 99 99 99 99 99,0,99,99,99,99,99
32789133,,,NA,NA,NA,NA,NA
31008533,0 99 99 99 99 99,0,99,99,99,99,99
48300512,,,NA,NA,NA,NA,NA
53221596,0 99 99 99 99 99,0,99,99,99,99,99
27895784,,,NA,NA,NA,NA,NA
46532010,0 99 99 99 99 99,0,99,99,99,99,99
50228631,1 3 1 99 99 99,1,3,1,99,99,99
43540048,1 3 1 99 99 99,1,3,1,99,99,99
45068344,0 99 99 99 99 99,0,99,99,99,99,99
43066927,1 1 2 5 1 1,1,1,2,5,1,1
49971741,0 99 99 99 99 99,0,99,99,99,99,99
29251604,1 1 2 4 1 99,1,1,2,4,1,99
29803979,1 3 1 99 99 99,1,3,1,99,99,99
51668588,1 3 1 99 99 99,1,3,1,99,99,99
51000427,1 99 99 99 99 99,1,99,99,99,99,99
29190193,,,NA,NA,NA,NA,NA
42206116,0 99 99 99 99 99,0,99,99,99,99,99
55008575,,,NA,NA,NA,NA,NA
42253246,,,NA,NA,NA,NA,NA
33258063,0 99 99 99 99 99,0,99,99,99,99,99
44813227,1 1 2 4 1 99,1,1,2,4,1,99
38212148,0 99 99 99 99 99,0,99,99,99,99,99
34628354,1 3 1 99 99 99,1,3,1,99,99,99
39174624,,,NA,NA,NA,NA,NA
50188822,,,NA,NA,NA,NA,NA
27078107,1 1 2 4 1 99,1,1,2,4,1,99
50926428,0 99 99 99 99 99,0,99,99,99,99,99
46154839,,,NA,NA,NA,NA,NA
47768577,0 99 99 99 99 99,0,99,99,99,99,99
52386781,,,NA,NA,NA,NA,NA
47583685,,,NA,NA,NA,NA,NA
27594566,1 99 99 99 99 99,1,99,99,99,99,99
49680450,0 99 99 99 99 99,0,99,99,99,99,99
49680548,0 99 99 99 99 99,0,99,99,99,99,99
45921349,,,NA,NA,NA,NA,NA
28155045,0 99 99 99 99 99,0,99,99,99,99,99
54043706,0 99 99 99 99 99,0,99,99,99,99,99
35247076,0 99 99 99 99 99,0,99,99,99,99,99
29314917,0 99 99 99 99 99,0,99,99,99,99,99
53394468,0 99 99 99 99 99,0,99,99,99,99,99
46386934,,,NA,NA,NA,NA,NA
50547790,1 1 2 4 1 99,1,1,2,4,1,99
31900955,,,NA,NA,NA,NA,NA
35076733,1 1 2 4 1 99,1,1,2,4,1,99
413604,1 1 2 4 1 99,1,1,2,4,1,99
48448732,1 1 2 4 1 99,1,1,2,4,1,99
38296826,0 99 99 99 99 99,0,99,99,99,99,99
27776212,,,NA,NA,NA,NA,NA
50259646,1 99 99 99 99 99,1,99,99,99,99,99
27959824,0 99 99 99 99 99,0,99,99,99,99,99
49996145,,,NA,NA,NA,NA,NA
53612686,0 99 99 99 99 99,0,99,99,99,99,99
30953878,,,NA,NA,NA,NA,NA
55291680,,,NA,NA,NA,NA,NA
38402254,,,NA,NA,NA,NA,NA
51565739,,,NA,NA,NA,NA,NA
52663259,0 99 99 99 99 99,0,99,99,99,99,99
48586952,0 99 99 99 99 99,0,99,99,99,99,99
34942358,0 99 99 99 99 99,0,99,99,99,99,99
54277386,1 99 99 99 99 99,1,99,99,99,99,99
29226217,0 99 99 99 99 99,0,99,99,99,99,99
41462202,,,NA,NA,NA,NA,NA
49844590,,,NA,NA,NA,NA,NA
53943082,0 99 99 99 99 99,0,99,99,99,99,99
36598066,1 1 2 5 1 99,1,1,2,5,1,99
51565739,,,NA,NA,NA,NA,NA
40665744,0 99 99 99 99 99,0,99,99,99,99,99
43590198,0 99 99 99 99 99,0,99,99,99,99,99
32938210,,,NA,NA,NA,NA,NA
55204084,0 99 99 99 99 99,0,99,99,99,99,99
44138250,1 99 99 99 99 99,1,99,99,99,99,99
53007699,1 99 99 99 99 99,1,99,99,99,99,99
34114337,1 3 1 99 99 99,1,3,1,99,99,99
37907089,,,NA,NA,NA,NA,NA
44217236,1 3 1 99 99 99,1,3,1,99,99,99
51041849,1 1 2 4 1 99,1,1,2,4,1,99
38339585,0 99 99 99 99 99,0,99,99,99,99,99
44352620,0 99 99 99 99 99,0,99,99,99,99,99
49778965,1 1 2 4 1 99,1,1,2,4,1,99
42404054,0 99 99 99 99 99,0,99,99,99,99,99
48412528,0 99 99 99 99 99,0,99,99,99,99,99
30008631,0 99 99 99 99 99,0,99,99,99,99,99
53919183,0 99 99 99 99 99,0,99,99,99,99,99
37893239,1 1 2 4 1 99,1,1,2,4,1,99
43811334,,,NA,NA,NA,NA,NA
41211900,0 99 99 99 99 99,0,99,99,99,99,99
48107330,0 99 99 99 99 99,0,99,99,99,99,99
31075805,,,NA,NA,NA,NA,NA
30337270,,,NA,NA,NA,NA,NA
43065892,1 1 2 4 1 99,1,1,2,4,1,99
53245627,1 1 2 4 1 99,1,1,2,4,1,99
31560190,0 99 99 99 99 99,0,99,99,99,99,99
30222856,1 1 2 4 1 99,1,1,2,4,1,99
44856115,0 99 99 99 99 99,0,99,99,99,99,99
37311948,0 99 99 99 99 99,0,99,99,99,99,99
37966029,,,NA,NA,NA,NA,NA
50286251,1 99 99 99 99 99,1,99,99,99,99,99
50819976,,,NA,NA,NA,NA,NA
49764809,1 3 1 99 99 99,1,3,1,99,99,99
49876260,1 1 2 5 1 99,1,1,2,5,1,99
49356624,,,NA,NA,NA,NA,NA
45830024,0 99 99 99 99 99,0,99,99,99,99,99
52500370,1 3 1 99 99 99,1,3,1,99,99,99
29707395,1 99 99 99 99 99,1,99,99,99,99,99
53185148,0 99 99 99 99 99,0,99,99,99,99,99
42180124,0 99 99 99 99 99,0,99,99,99,99,99
32673487,0 99 99 99 99 99,0,99,99,99,99,99
30346146,1 99 99 99 99 99,1,99,99,99,99,99
42067576,1 99 99 99 99 99,1,99,99,99,99,99
28575210,1 99 99 99 99 99,1,99,99,99,99,99
50588680,,,NA,NA,NA,NA,NA
36503891,0 99 99 99 99 99,0,99,99,99,99,99
44138635,,,NA,NA,NA,NA,NA
49903752,0 99 99 99 99 99,0,99,99,99,99,99
43570968,1 3 1 99 99 99,1,3,1,99,99,99
32163892,0 99 99 99 99 99,0,99,99,99,99,99
31178916,0 99 99 99 99 99,0,99,99,99,99,99
52663258,,,NA,NA,NA,NA,NA
54814319,0 99 99 99 99 99,0,99,99,99,99,99
37950833,0 99 99 99 99 99,0,99,99,99,99,99
47311240,1 3 1 99 99 99,1,3,1,99,99,99
336213,1 3 1 99 99 99,1,3,1,99,99,99
45526952,1 1 2 4 1 6,1,1,2,4,1,6
718251,0 99 99 99 99 99,0,99,99,99,99,99
27209354,0 99 99 99 99 99,0,99,99,99,99,99
54743086,0 99 99 99 99 99,0,99,99,99,99,99
53382238,,,NA,NA,NA,NA,NA
41369823,1 99 99 99 99 99,1,99,99,99,99,99
1001183,0 99 99 99 99 99,0,99,99,99,99,99
35884623,1 4 1 99 99 99,1,4,1,99,99,99
46136032,0 99 99 99 99 99,0,99,99,99,99,99
38605673,,,NA,NA,NA,NA,NA
28881007,1 3 1 99 99 99,1,3,1,99,99,99
53852721,,,NA,NA,NA,NA,NA
47662060,1 1 2 4 1 99,1,1,2,4,1,99
29440046,1 3 1 99 99 99,1,3,1,99,99,99
40656546,,,NA,NA,NA,NA,NA
37687647,0 99 99 99 99 99,0,99,99,99,99,99
55682543,,,NA,NA,NA,NA,NA
46676185,0 99 99 99 99 99,0,99,99,99,99,99
51425719,,,NA,NA,NA,NA,NA
49174288,0 99 99 99 99 99,0,99,99,99,99,99
29781691,0 99 99 99 99 99,0,99,99,99,99,99
34558678,0 99 99 99 99 99,0,99,99,99,99,99
48474135,0 99 99 99 99 99,0,99,99,99,99,99
32109761,,,NA,NA,NA,NA,NA
37163734,1 1 2 5 1 99,1,1,2,5,1,99
42581777,,,NA,NA,NA,NA,NA
40636234,0 99 99 99 99 99,0,99,99,99,99,99
49146223,0 99 99 99 99 99,0,99,99,99,99,99
42908868,1 99 99 99 99 99,1,99,99,99,99,99
51860299,1 1 2 4 1 99,1,1,2,4,1,99
54503679,1 3 1 99 99 99,1,3,1,99,99,99
52107693,0 99 99 99 99 99,0,99,99,99,99,99
37716225,,,NA,NA,NA,NA,NA
43060527,1 1 2 4 1 99,1,1,2,4,1,99
48954166,1 4 1 99 99 99,1,4,1,99,99,99
43935163,0 99 99 99 99 99,0,99,99,99,99,99
43062095,1 3 1 99 99 99,1,3,1,99,99,99
52824542,,,NA,NA,NA,NA,NA
47732284,0 99 99 99 99 99,0,99,99,99,99,99
27242514,1 99 99 99 99 99,1,99,99,99,99,99
52398973,1 1 2 4 1 99,1,1,2,4,1,99
40198739,,,NA,NA,NA,NA,NA
48415965,0 99 99 99 99 99,0,99,99,99,99,99
35828642,0 99 99 99 99 99,0,99,99,99,99,99
42572009,1 1 2 4 1 6,1,1,2,4,1,6
41916346,,,NA,NA,NA,NA,NA
30562346,1 3 1 99 99 99,1,3,1,99,99,99
36793127,0 99 99 99 99 99,0,99,99,99,99,99
39880515,,,NA,NA,NA,NA,NA
54137660,,,NA,NA,NA,NA,NA
38637164,0 99 99 99 99 99,0,99,99,99,99,99
55575304,0 99 99 99 99 99,0,99,99,99,99,99
32960181,1 1 2 4 1 6,1,1,2,4,1,6
38155514,1 3 1 99 99 99,1,3,1,99,99,99
49775008,0 99 99 99 99 99,0,99,99,99,99,99
50167423,0 99 99 99 99 99,0,99,99,99,99,99
38394038,0 99 99 99 99 99,0,99,99,99,99,99
36407588,1 99 99 99 99 99,1,99,99,99,99,99
20469485,0 99 99 99 99 99,0,99,99,99,99,99
52577022,0 99 99 99 99 99,0,99,99,99,99,99
35146563,1 3 1 99 99 99,1,3,1,99,99,99
44064710,0 99 99 99 99 99,0,99,99,99,99,99
37917479,0 99 99 99 99 99,0,99,99,99,99,99
29454223,0 99 99 99 99 99,0,99,99,99,99,99
45451079,1 1 2 4 1 1,1,1,2,4,1,1
47751823,0 99 99 99 99 99,0,99,99,99,99,99
30809337,1 1 2 4 1 1,1,1,2,4,1,1
42440446,0 99 99 99 99 99,0,99,99,99,99,99
34890476,1 3 1 99 99 99,1,3,1,99,99,99
50751408,0 99 99 99 99 99,0,99,99,99,99,99
40894497,0 99 99 99 99 99,0,99,99,99,99,99
48425420,1 1 2 4 1 99,1,1,2,4,1,99
36132124,,,NA,NA,NA,NA,NA
30817518,0 99 99 99 99 99,0,99,99,99,99,99
37396062,1 99 99 99 99 99,1,99,99,99,99,99
51393377,0 99 99 99 99 99,0,99,99,99,99,99
43754509,,,NA,NA,NA,NA,NA
36206622,1 99 99 99 99 99,1,99,99,99,99,99
55249491,1 1 2 4 1 2,1,1,2,4,1,2
30162694,0 99 99 99 99 99,0,99,99,99,99,99
36714424,1 1 2 4 1 99,1,1,2,4,1,99
37932382,,,NA,NA,NA,NA,NA
55208612,0 99 99 99 99 99,0,99,99,99,99,99
50977484,0 99 99 99 99 99,0,99,99,99,99,99
40709142,0 99 99 99 99 99,0,99,99,99,99,99
37327486,1 1 2 5 3 99,1,1,2,5,3,99
29859770,1 3 1 99 99 99,1,3,1,99,99,99
46541680,1 99 99 99 99 99,1,99,99,99,99,99
46492411,,,NA,NA,NA,NA,NA
29379018,0 99 99 99 99 99,0,99,99,99,99,99
37114792,1 1 2 4 1 99,1,1,2,4,1,99
37522394,0 99 99 99 99 99,0,99,99,99,99,99
51565739,,,NA,NA,NA,NA,NA
41638161,0 99 99 99 99 99,0,99,99,99,99,99
25373586,0 99 99 99 99 99,0,99,99,99,99,99
55477878,,,NA,NA,NA,NA,NA
50344608,1 3 1 99 99 99,1,3,1,99,99,99
50592675,1 3 1 99 99 99,1,3,1,99,99,99
42969559,1 1 2 4 1 99,1,1,2,4,1,99
44979468,0 99 99 99 99 99,0,99,99,99,99,99
53786040,,,NA,NA,NA,NA,NA
37188841,1 3 1 99 99 99,1,3,1,99,99,99
31512110,1 1 2 4 1 99,1,1,2,4,1,99
51501970,0 99 99 99 99 99,0,99,99,99,99,99
43642084,0 99 99 99 99 99,0,99,99,99,99,99
55399577,0 99 99 99 99 99,0,99,99,99,99,99
36671078,,,NA,NA,NA,NA,NA
32005302,0 99 99 99 99 99,0,99,99,99,99,99
34349327,0 99 99 99 99 99,0,99,99,99,99,99
43250270,,,NA,NA,NA,NA,NA
34174784,0 99 99 99 99 99,0,99,99,99,99,99
31847826,1 1 2 4 1 99,1,1,2,4,1,99
48510151,0 99 99 99 99 99,0,99,99,99,99,99
47873055,1 1 2 4 1 99,1,1,2,4,1,99
53830745,1 1 2 4 1 99,1,1,2,4,1,99
47229942,,,NA,NA,NA,NA,NA
40295121,0 99 99 99 99 99,0,99,99,99,99,99
28731299,0 99 99 99 99 99,0,99,99,99,99,99
54186757,0 99 99 99 99 99,0,99,99,99,99,99
46901356,1 99 99 99 99 99,1,99,99,99,99,99
40297378,0 99 99 99 99 99,0,99,99,99,99,99
38946378,,,NA,NA,NA,NA,NA
38781785,1 3 99 99 99 99,1,3,99,99,99,99
40729378,1 99 99 99 99 99,1,99,99,99,99,99
38229966,1 1 1 3 99 99,1,1,1,3,99,99
51565739,,,NA,NA,NA,NA,NA
107948,0 99 99 99 99 99,0,99,99,99,99,99
32603444,1 99 99 99 99 99,1,99,99,99,99,99
37175038,0 99 99 99 99 99,0,99,99,99,99,99
53918871,0 99 99 99 99 99,0,99,99,99,99,99
36710107,1 1 2 4 1 99,1,1,2,4,1,99
48254165,1 4 1 99 99 99,1,4,1,99,99,99
52237529,0 99 99 99 99 99,0,99,99,99,99,99
51565739,,,NA,NA,NA,NA,NA
1022851,1 99 99 99 99 99,1,99,99,99,99,99
37884552,0 99 99 99 99 99,0,99,99,99,99,99
44037364,0 99 99 99 99 99,0,99,99,99,99,99
42245761,0 99 99 99 99 99,0,99,99,99,99,99
48560260,,,NA,NA,NA,NA,NA
53629109,0 99 99 99 99 99,0,99,99,99,99,99
40672803,1 1 2 4 1 99,1,1,2,4,1,99
54036501,,,NA,NA,NA,NA,NA
36135621,0 99 99 99 99 99,0,99,99,99,99,99
53029635,,,NA,NA,NA,NA,NA
45018287,0 99 99 99 99 99,0,99,99,99,99,99
27588540,0 99 99 99 99 99,0,99,99,99,99,99
53879575,,,NA,NA,NA,NA,NA
51533512,1 3 1 99 99 99,1,3,1,99,99,99
53188780,1 3 1 99 99 99,1,3,1,99,99,99
48426218,1 1 2 4 1 99,1,1,2,4,1,99
39036928,0 99 99 99 99 99,0,99,99,99,99,99
51439125,1 1 2 4 1 6,1,1,2,4,1,6
54925330,0 99 99 99 99 99,0,99,99,99,99,99
53218792,,,NA,NA,NA,NA,NA
36580405,0 99 99 99 99 99,0,99,99,99,99,99
36594535,0 99 99 99 99 99,0,99,99,99,99,99
36229270,0 99 99 99 99 99,0,99,99,99,99,99
49620260,1 3 2 99 99 99,1,3,2,99,99,99
39504152,0 99 99 99 99 99,0,99,99,99,99,99
31149624,0 99 99 99 99 99,0,99,99,99,99,99
50182230,1 1 2 4 1 99,1,1,2,4,1,99
52749227,1 1 2 4 1 99,1,1,2,4,1,99
44716113,,,NA,NA,NA,NA,NA
37749386,1 1 2 4 1 1,1,1,2,4,1,1
48930931,1 1 2 4 1 99,1,1,2,4,1,99
28648089,0 99 99 99 99 99,0,99,99,99,99,99
43813470,1 99 99 99 99 99,1,99,99,99,99,99
47976893,,,NA,NA,NA,NA,NA
50717712,0 99 99 99 99 99,0,99,99,99,99,99
49368291,,,NA,NA,NA,NA,NA
34227574,1 3 2 99 99 99,1,3,2,99,99,99
44257842,0 99 99 99 99 99,0,99,99,99,99,99
25487088,0 99 99 99 99 99,0,99,99,99,99,99
39824098,0 99 99 99 99 99,0,99,99,99,99,99
45101731,0 99 99 99 99 99,0,99,99,99,99,99
36555194,1 99 99 99 99 99,1,99,99,99,99,99
47876328,0 99 99 99 99 99,0,99,99,99,99,99
36663923,0 99 99 99 99 99,0,99,99,99,99,99
55217404,0 99 99 99 99 99,0,99,99,99,99,99
50483191,,,NA,NA,NA,NA,NA
48402911,0 99 99 99 99 99,0,99,99,99,99,99
34920875,1 3 1 99 99 99,1,3,1,99,99,99
36547139,0 99 99 99 99 99,0,99,99,99,99,99
39787165,0 99 99 99 99 99,0,99,99,99,99,99
51409091,,,NA,NA,NA,NA,NA
603151,,,NA,NA,NA,NA,NA
36639801,1 1 2 4 1 99,1,1,2,4,1,99
51736895,0 99 99 99 99 99,0,99,99,99,99,99
36809733,,,NA,NA,NA,NA,NA
43285477,,,NA,NA,NA,NA,NA
35009134,1 1 2 4 1 99,1,1,2,4,1,99
110759,0 99 99 99 99 99,0,99,99,99,99,99
38286504,,,NA,NA,NA,NA,NA
27670464,1 99 99 99 99 99,1,99,99,99,99,99
28059273,0 99 99 99 99 99,0,99,99,99,99,99
51050357,0 99 99 99 99 99,0,99,99,99,99,99
42912872,0 99 99 99 99 99,0,99,99,99,99,99
37596000,1 3 1 99 99 99,1,3,1,99,99,99
36904299,,,NA,NA,NA,NA,NA
52234838,0 99 99 99 99 99,0,99,99,99,99,99
46047369,0 99 99 99 99 99,0,99,99,99,99,99
27005657,0 99 99 99 99 99,0,99,99,99,99,99
44338524,,,NA,NA,NA,NA,NA
55172919,1 4 1 99 99 99,1,4,1,99,99,99
38023512,,,NA,NA,NA,NA,NA
37222709,0 99 99 99 99 99,0,99,99,99,99,99
30293015,1 3 1 99 99 99,1,3,1,99,99,99
38654737,0 99 99 99 99 99,0,99,99,99,99,99
48522560,,,NA,NA,NA,NA,NA
38964462,0 99 99 99 99 99,0,99,99,99,99,99
37737491,1 1 2 2 99 99,1,1,2,2,99,99
34324157,0 99 99 99 99 99,0,99,99,99,99,99
31698404,1 1 2 4 2 99,1,1,2,4,2,99
47103415,,,NA,NA,NA,NA,NA
55243579,0 99 99 99 99 99,0,99,99,99,99,99
32559073,0 99 99 99 99 99,0,99,99,99,99,99
28633549,1 3 1 99 99 99,1,3,1,99,99,99
46657746,0 99 99 99 99 99,0,99,99,99,99,99
38419198,1 1 2 4 1 99,1,1,2,4,1,99
45977050,,,NA,NA,NA,NA,NA
42241815,0 99 99 99 99 99,0,99,99,99,99,99
51692874,1 3 1 99 99 99,1,3,1,99,99,99
34572292,0 99 99 99 99 99,0,99,99,99,99,99
47320849,,,NA,NA,NA,NA,NA
32973868,0 99 99 99 99 99,0,99,99,99,99,99
44755370,0 99 99 99 99 99,0,99,99,99,99,99
55268259,0 99 99 99 99 99,0,99,99,99,99,99
42441477,1 99 99 99 99 99,1,99,99,99,99,99
42730445,,,NA,NA,NA,NA,NA
45016537,0 99 99 99 99 99,0,99,99,99,99,99
43084635,0 99 99 99 99 99,0,99,99,99,99,99
49753008,1 1 2 4 1 99,1,1,2,4,1,99
30306473,1 1 2 4 1 99,1,1,2,4,1,99
31211638,0 99 99 99 99 99,0,99,99,99,99,99
34434986,0 99 99 99 99 99,0,99,99,99,99,99
38601379,0 99 99 99 99 99,0,99,99,99,99,99
37000717,0 99 99 99 99 99,0,99,99,99,99,99
31593090,0 99 99 99 99 99,0,99,99,99,99,99
31345470,0 99 99 99 99 99,0,99,99,99,99,99
32929733,0 99 99 99 99 99,0,99,99,99,99,99
43849761,0 99 99 99 99 99,0,99,99,99,99,99
37943061,0 99 99 99 99 99,0,99,99,99,99,99
47474480,0 99 99 99 99 99,0,99,99,99,99,99
53251663,0 99 99 99 99 99,0,99,99,99,99,99
42472698,0 99 99 99 99 99,0,99,99,99,99,99
35159441,1 99 99 99 99 99,1,99,99,99,99,99
30828423,0 99 99 99 99 99,0,99,99,99,99,99
47614673,1 1 2 4 1 99,1,1,2,4,1,99
29373540,0 99 99 99 99 99,0,99,99,99,99,99
38081253,1 99 99 99 99 99,1,99,99,99,99,99
44235374,1 4 1 99 99 99,1,4,1,99,99,99
41347236,1 4 1 99 99 99,1,4,1,99,99,99
48825960,1 99 99 99 99 99,1,99,99,99,99,99
45937829,1 3 1 99 99 99,1,3,1,99,99,99
37031319,1 1 2 4 1 99,1,1,2,4,1,99
38286835,0 99 99 99 99 99,0,99,99,99,99,99
53840364,1 1 2 4 1 99,1,1,2,4,1,99
54753179,0 99 99 99 99 99,0,99,99,99,99,99
45724319,0 99 99 99 99 99,0,99,99,99,99,99
29525668,0 99 99 99 99 99,0,99,99,99,99,99
27841909,0 99 99 99 99 99,0,99,99,99,99,99
44654293,0 99 99 99 99 99,0,99,99,99,99,99
55565517,1 99 99 99 99 99,1,99,99,99,99,99
30627465,0 99 99 99 99 99,0,99,99,99,99,99
38401084,0 99 99 99 99 99,0,99,99,99,99,99
38068950,1 1 2 4 1 2,1,1,2,4,1,2
44093435,0 99 99 99 99 99,0,99,99,99,99,99
55381360,0 99 99 99 99 99,0,99,99,99,99,99
32218857,0 99 99 99 99 99,0,99,99,99,99,99
30283574,1 99 99 99 99 99,1,99,99,99,99,99
45326925,0 99 99 99 99 99,0,99,99,99,99,99
54301252,0 99 99 99 99 99,0,99,99,99,99,99
42451885,0 99 99 99 99 99,0,99,99,99,99,99
51802657,0 99 99 99 99 99,0,99,99,99,99,99
47249217,0 99 99 99 99 99,0,99,99,99,99,99
38070550,1 99 99 99 99 99,1,99,99,99,99,99
38067968,0 99 99 99 99 99,0,99,99,99,99,99
36188549,1 4 1 99 99 99,1,4,1,99,99,99
27111294,1 3 1 99 99 99,1,3,1,99,99,99
28729667,0 99 99 99 99 99,0,99,99,99,99,99
36778847,,,NA,NA,NA,NA,NA
54797150,0 99 99 99 99 99,0,99,99,99,99,99
45945629,1 3 1 99 99 99,1,3,1,99,99,99
44268767,1 3 1 99 99 6,1,3,1,99,99,6
51569374,,,NA,NA,NA,NA,NA
36562742,0 99 99 99 99 99,0,99,99,99,99,99
32075894,1 3 1 99 99 99,1,3,1,99,99,99
39746717,0 99 99 99 99 99,0,99,99,99,99,99
36556241,0 99 99 99 99 99,0,99,99,99,99,99
32677335,0 99 99 99 99 99,0,99,99,99,99,99
49120269,,,NA,NA,NA,NA,NA
27271838,0 99 99 99 99 99,0,99,99,99,99,99
43652909,0 99 99 99 99 99,0,99,99,99,99,99
55381657,1 1 2 5 1 1,1,1,2,5,1,1
38339416,0 99 99 99 99 99,0,99,99,99,99,99
50239109,0 99 99 99 99 99,0,99,99,99,99,99
38778635,1 3 1 99 99 99,1,3,1,99,99,99
50682050,,,NA,NA,NA,NA,NA
40870685,0 99 99 99 99 99,0,99,99,99,99,99
51464680,1 3 1 99 99 99,1,3,1,99,99,99
28335198,0 99 99 99 99 99,0,99,99,99,99,99
53245098,1 1 2 5 1 1,1,1,2,5,1,1
54173410,,,NA,NA,NA,NA,NA
41442516,0 99 99 99 99 99,0,99,99,99,99,99
45647756,0 99 99 99 99 99,0,99,99,99,99,99
29127872,,,NA,NA,NA,NA,NA
51629159,1 3 1 99 99 99,1,3,1,99,99,99
51734782,0 99 99 99 99 99,0,99,99,99,99,99
53811895,0 99 99 99 99 99,0,99,99,99,99,99
47325960,,,NA,NA,NA,NA,NA
51939105,0 99 99 99 99 99,0,99,99,99,99,99
36656376,1 1 2 4 1 99,1,1,2,4,1,99
30321620,0 99 99 99 99 99,0,99,99,99,99,99
47193761,,,NA,NA,NA,NA,NA
45768377,1 3 1 99 99 99,1,3,1,99,99,99
50207460,1 1 2 4 1 99,1,1,2,4,1,99
48947725,,,NA,NA,NA,NA,NA
27111475,1 1 2 4 1 99,1,1,2,4,1,99
28306998,0 99 99 99 99 99,0,99,99,99,99,99
52034233,,,NA,NA,NA,NA,NA
43060521,1 1 2 5 1 2,1,1,2,5,1,2
48586346,1 99 99 99 99 99,1,99,99,99,99,99
51209935,,,NA,NA,NA,NA,NA
46655477,,,NA,NA,NA,NA,NA
45949609,0 99 99 99 99 99,0,99,99,99,99,99
38793455,0 99 99 99 99 99,0,99,99,99,99,99
31997282,1 1 2 4 1 99,1,1,2,4,1,99
36937510,1 1 2 4 1 99,1,1,2,4,1,99
43322201,0 99 99 99 99 99,0,99,99,99,99,99
32191057,0 99 99 99 99 99,0,99,99,99,99,99
52252506,,,NA,NA,NA,NA,NA
37087690,0 99 99 99 99 99,0,99,99,99,99,99
28111087,0 99 99 99 99 99,0,99,99,99,99,99
43372628,,,NA,NA,NA,NA,NA
50193879,0 99 99 99 99 99,0,99,99,99,99,99
45252504,0 99 99 99 99 99,0,99,99,99,99,99
30597463,,,NA,NA,NA,NA,NA
36220801,0 99 99 99 99 99,0,99,99,99,99,99
51245041,0 99 99 99 99 99,0,99,99,99,99,99
43067571,1 3 1 99 99 99,1,3,1,99,99,99
29584924,1 99 99 99 99 99,1,99,99,99,99,99
38373163,0 99 99 99 99 99,0,99,99,99,99,99
54484929,0 99 99 99 99 99,0,99,99,99,99,99
54532571,1 1 2 4 1 99,1,1,2,4,1,99
43952135,,,NA,NA,NA,NA,NA
33896887,0 99 99 99 99 99,0,99,99,99,99,99
39799698,1 1 2 4 1 99,1,1,2,4,1,99
38464912,0 99 99 99 99 99,0,99,99,99,99,99
28299490,0 99 99 99 99 99,0,99,99,99,99,99
43097995,,,NA,NA,NA,NA,NA
27910581,0 99 99 99 99 99,0,99,99,99,99,99
45672853,0 99 99 99 99 99,0,99,99,99,99,99
31487825,0 99 99 99 99 99,0,99,99,99,99,99
28623093,1 3 1 99 99 99,1,3,1,99,99,99
49677818,0 99 99 99 99 99,0,99,99,99,99,99
48594967,1 3 1 99 99 6,1,3,1,99,99,6
37493000,,,NA,NA,NA,NA,NA
27661733,0 99 99 99 99 99,0,99,99,99,99,99
48952963,0 99 99 99 99 99,0,99,99,99,99,99
38311697,0 99 99 99 99 99,0,99,99,99,99,99
51870767,0 99 99 99 99 99,0,99,99,99,99,99
36705914,1 1 2 5 1 99,1,1,2,5,1,99
41710368,,,NA,NA,NA,NA,NA
54497299,0 99 99 99 99 99,0,99,99,99,99,99
46941207,0 99 99 99 99 99,0,99,99,99,99,99
42493483,,,NA,NA,NA,NA,NA
27706837,0 99 99 99 99 99,0,99,99,99,99,99
35981986,0 99 99 99 99 99,0,99,99,99,99,99
41524920,,,NA,NA,NA,NA,NA
48315020,0 99 99 99 99 99,0,99,99,99,99,99
40091510,1 3 1 99 99 99,1,3,1,99,99,99
54533681,0 99 99 99 99 99,0,99,99,99,99,99
27895223,0 99 99 99 99 99,0,99,99,99,99,99
47973883,0 99 99 99 99 99,0,99,99,99,99,99
54843274,1 1 2 4 1 99,1,1,2,4,1,99
29496151,1 3 1 99 99 99,1,3,1,99,99,99
37450149,,,NA,NA,NA,NA,NA
50364171,0 99 99 99 99 99,0,99,99,99,99,99
48670143,1 3 1 99 99 99,1,3,1,99,99,99
50344952,1 1 2 4 1 3,1,1,2,4,1,3
47248680,0 99 99 99 99 99,0,99,99,99,99,99
37172242,1 1 2 4 1 1,1,1,2,4,1,1
36742680,1 1 2 4 1 99,1,1,2,4,1,99
45393638,0 99 99 99 99 99,0,99,99,99,99,99
45602806,,,NA,NA,NA,NA,NA
54738399,0 99 99 99 99 99,0,99,99,99,99,99
51623332,0 99 99 99 99 99,0,99,99,99,99,99
49171337,1 3 1 99 99 99,1,3,1,99,99,99
30675527,,,NA,NA,NA,NA,NA
55350197,,,NA,NA,NA,NA,NA
28332712,0 99 99 99 99 99,0,99,99,99,99,99
55249868,0 99 99 99 99 99,0,99,99,99,99,99
55249261,1 1 2 4 1 99,1,1,2,4,1,99
54066432,,,NA,NA,NA,NA,NA
33066116,0 99 99 99 99 99,0,99,99,99,99,99
31455282,1 3 1 99 99 99,1,3,1,99,99,99
50515061,0 99 99 99 99 99,0,99,99,99,99,99
54941858,,,NA,NA,NA,NA,NA
35072124,0 99 99 99 99 99,0,99,99,99,99,99
28263216,0 99 99 99 99 99,0,99,99,99,99,99
28637571,0 99 99 99 99 99,0,99,99,99,99,99
53087922,,,NA,NA,NA,NA,NA
51499249,,,NA,NA,NA,NA,NA
35169897,1 1 2 4 1 99,1,1,2,4,1,99
37785086,0 99 99 99 99 99,0,99,99,99,99,99
46429432,0 99 99 99 99 99,0,99,99,99,99,99
43197490,0 99 99 99 99 99,0,99,99,99,99,99
31633530,0 99 99 99 99 99,0,99,99,99,99,99
35098526,,,NA,NA,NA,NA,NA
37673425,0 99 99 99 99 99,0,99,99,99,99,99
911584,1 3 1 99 99 99,1,3,1,99,99,99
31997454,1 1 2 4 1 99,1,1,2,4,1,99
35007862,,,NA,NA,NA,NA,NA
33982835,0 99 99 99 99 99,0,99,99,99,99,99
28014545,1 1 2 4 1 99,1,1,2,4,1,99
37918259,1 1 2 4 1 3,1,1,2,4,1,3
53041129,0 99 99 99 99 99,0,99,99,99,99,99
55281107,0 99 99 99 99 99,0,99,99,99,99,99
39280335,,,NA,NA,NA,NA,NA
40766418,1 99 99 99 99 99,1,99,99,99,99,99
38823949,0 99 99 99 99 99,0,99,99,99,99,99
42319700,0 99 99 99 99 99,0,99,99,99,99,99
54174351,,,NA,NA,NA,NA,NA
48856774,,,NA,NA,NA,NA,NA
28634890,0 99 99 99 99 99,0,99,99,99,99,99
28562765,0 99 99 99 99 99,0,99,99,99,99,99
47401827,0 99 99 99 99 99,0,99,99,99,99,99
54700282,0 99 99 99 99 99,0,99,99,99,99,99
45872637,0 99 99 99 99 99,0,99,99,99,99,99
54778946,,,NA,NA,NA,NA,NA
53257261,1 3 1 99 99 99,1,3,1,99,99,99
43722968,0 99 99 99 99 99,0,99,99,99,99,99
36568304,0 99 99 99 99 99,0,99,99,99,99,99
55584673,1 1 2 4 1 99,1,1,2,4,1,99
52177590,0 99 99 99 99 99,0,99,99,99,99,99
40172506,,,NA,NA,NA,NA,NA
35001625,1 1 2 4 1 99,1,1,2,4,1,99
48195337,,,NA,NA,NA,NA,NA
40660378,1 1 2 4 1 99,1,1,2,4,1,99
42409526,,,NA,NA,NA,NA,NA
50480380,1 1 2 4 1 99,1,1,2,4,1,99
46649054,0 99 99 99 99 99,0,99,99,99,99,99
38855013,1 3 1 99 99 99,1,3,1,99,99,99
28914286,0 99 99 99 99 99,0,99,99,99,99,99
51305526,,,NA,NA,NA,NA,NA
39668956,0 99 99 99 99 99,0,99,99,99,99,99
52966290,,,NA,NA,NA,NA,NA
38768713,0 99 99 99 99 99,0,99,99,99,99,99
43226904,0 99 99 99 99 99,0,99,99,99,99,99
54796787,0 99 99 99 99 99,0,99,99,99,99,99
39916070,0 99 99 99 99 99,0,99,99,99,99,99
35981814,0 99 99 99 99 99,0,99,99,99,99,99
55470675,0 99 99 99 99 99,0,99,99,99,99,99
55035508,,,NA,NA,NA,NA,NA
48217575,0 99 99 99 99 99,0,99,99,99,99,99
42681889,1 1 2 4 2 99,1,1,2,4,2,99
53276708,0 99 99 99 99 99,0,99,99,99,99,99
36093765,,,NA,NA,NA,NA,NA
29641076,0 99 99 99 99 99,0,99,99,99,99,99
55237810,,,NA,NA,NA,NA,NA
44874653,1 1 2 5 1 99,1,1,2,5,1,99
55556711,0 99 99 99 99 99,0,99,99,99,99,99
37348690,,,NA,NA,NA,NA,NA
52318083,0 99 99 99 99 99,0,99,99,99,99,99
52607538,0 99 99 99 99 99,0,99,99,99,99,99
48597129,1 3 1 99 99 99,1,3,1,99,99,99
43836906,1 99 99 99 99 99,1,99,99,99,99,99
47842771,1 99 99 99 99 99,1,99,99,99,99,99
47464565,0 99 99 99 99 99,0,99,99,99,99,99
42564496,1 1 2 4 1 99,1,1,2,4,1,99
28305629,0 99 99 99 99 99,0,99,99,99,99,99
51244758,,,NA,NA,NA,NA,NA
53116085,0 99 99 99 99 99,0,99,99,99,99,99
52602638,1 1 2 4 1 3,1,1,2,4,1,3
53600020,,,NA,NA,NA,NA,NA
37975481,0 99 99 99 99 99,0,99,99,99,99,99
36751804,,,NA,NA,NA,NA,NA
49993997,1 3 1 99 99 99,1,3,1,99,99,99
32000525,1 1 2 4 1 99,1,1,2,4,1,99
45977263,,,NA,NA,NA,NA,NA
51209804,0 99 99 99 99 99,0,99,99,99,99,99
38402435,0 99 99 99 99 99,0,99,99,99,99,99
33063907,0 99 99 99 99 99,0,99,99,99,99,99
32073248,,,NA,NA,NA,NA,NA
39740846,0 99 99 99 99 99,0,99,99,99,99,99
38937718,0 99 99 99 99 99,0,99,99,99,99,99
54094887,,,NA,NA,NA,NA,NA
47816769,0 99 99 99 99 99,0,99,99,99,99,99
53444878,0 99 99 99 99 99,0,99,99,99,99,99
34955387,0 99 99 99 99 99,0,99,99,99,99,99
49452652,0 99 99 99 99 99,0,99,99,99,99,99
28512548,1 1 2 4 1 99,1,1,2,4,1,99
42793536,1 1 2 4 1 99,1,1,2,4,1,99
37909060,0 99 99 99 99 99,0,99,99,99,99,99
51874481,0 99 99 99 99 99,0,99,99,99,99,99
28414700,0 99 99 99 99 99,0,99,99,99,99,99
42118047,0 99 99 99 99 99,0,99,99,99,99,99
37917494,1 1 2 4 1 99,1,1,2,4,1,99
37036753,0 99 99 99 99 99,0,99,99,99,99,99
37833513,0 99 99 99 99 99,0,99,99,99,99,99
50678924,0 99 99 99 99 99,0,99,99,99,99,99
50899312,0 99 99 99 99 99,0,99,99,99,99,99
50692157,0 99 99 99 99 99,0,99,99,99,99,99
27954302,0 99 99 99 99 99,0,99,99,99,99,99
38427453,0 99 99 99 99 99,0,99,99,99,99,99
38469769,1 99 99 99 99 99,1,99,99,99,99,99
37105493,1 3 99 99 99 99,1,3,99,99,99,99
35281801,0 99 99 99 99 99,0,99,99,99,99,99
42312980,1 3 1 99 99 99,1,3,1,99,99,99
38029272,0 99 99 99 99 99,0,99,99,99,99,99
53401178,0 99 99 99 99 99,0,99,99,99,99,99
53636789,1 99 99 99 99 99,1,99,99,99,99,99
51578444,0 99 99 99 99 99,0,99,99,99,99,99
29656546,0 99 99 99 99 99,0,99,99,99,99,99
27097631,1 3 1 99 99 99,1,3,1,99,99,99
52057860,0 99 99 99 99 99,0,99,99,99,99,99
30968639,0 99 99 99 99 99,0,99,99,99,99,99
31874733,0 99 99 99 99 99,0,99,99,99,99,99
33798018,1 1 2 4 1 99,1,1,2,4,1,99
45723974,0 99 99 99 99 99,0,99,99,99,99,99
27436085,0 99 99 99 99 99,0,99,99,99,99,99
40621112,0 99 99 99 99 99,0,99,99,99,99,99
35773080,0 99 99 99 99 99,0,99,99,99,99,99
38771216,0 99 99 99 99 99,0,99,99,99,99,99
48437777,0 99 99 99 99 99,0,99,99,99,99,99
37963839,1 3 1 99 99 99,1,3,1,99,99,99
44596291,0 99 99 99 99 99,0,99,99,99,99,99
55299732,0 99 99 99 99 99,0,99,99,99,99,99
776458,0 99 99 99 99 99,0,99,99,99,99,99
39002587,0 99 99 99 99 99,0,99,99,99,99,99
30658209,0 99 99 99 99 99,0,99,99,99,99,99
43139031,1 1 2 5 1 1,1,1,2,5,1,1
50434849,0 99 99 99 99 99,0,99,99,99,99,99
37270299,0 99 99 99 99 99,0,99,99,99,99,99
40427894,0 99 99 99 99 99,0,99,99,99,99,99
50300974,0 99 99 99 99 99,0,99,99,99,99,99
36947204,1 1 2 4 1 99,1,1,2,4,1,99
47636319,1 99 99 99 99 99,1,99,99,99,99,99
28893247,0 99 99 99 99 99,0,99,99,99,99,99
36715797,1 1 2 4 1 99,1,1,2,4,1,99
36656434,1 1 2 4 1 99,1,1,2,4,1,99
48405188,1 99 99 99 99 99,1,99,99,99,99,99
51324805,0 99 99 99 99 99,0,99,99,99,99,99
50023286,1 1 2 4 1 1,1,1,2,4,1,1
38017404,0 99 99 99 99 99,0,99,99,99,99,99
46507477,,,NA,NA,NA,NA,NA
40860548,,,NA,NA,NA,NA,NA
34606808,0 99 99 99 99 99,0,99,99,99,99,99
48045424,0 99 99 99 99 99,0,99,99,99,99,99
33658376,0 99 99 99 99 99,0,99,99,99,99,99
25379544,0 99 99 99 99 99,0,99,99,99,99,99
48945321,0 99 99 99 99 99,0,99,99,99,99,99
28181749,0 99 99 99 99 99,0,99,99,99,99,99
41961359,0 99 99 99 99 99,0,99,99,99,99,99
51565739,,,NA,NA,NA,NA,NA
25740446,0 99 99 99 99 99,0,99,99,99,99,99
534897,0 99 99 99 99 99,0,99,99,99,99,99
39628166,0 99 99 99 99 99,0,99,99,99,99,99
30046232,,,NA,NA,NA,NA,NA
45663752,0 99 99 99 99 99,0,99,99,99,99,99
34233010,,,NA,NA,NA,NA,NA
53952999,0 99 99 99 99 99,0,99,99,99,99,99
49555987,0 99 99 99 99 99,0,99,99,99,99,99
52795550,,,NA,NA,NA,NA,NA
36930655,0 99 99 99 99 99,0,99,99,99,99,99
37328049,0 99 99 99 99 99,0,99,99,99,99,99
30969328,0 99 99 99 99 99,0,99,99,99,99,99
53720165,1 1 2 4 1 99,1,1,2,4,1,99
49426582,0 99 99 99 99 99,0,99,99,99,99,99
46501213,1 1 2 4 1 99,1,1,2,4,1,99
40922678,,,NA,NA,NA,NA,NA
30580029,0 99 99 99 99 99,0,99,99,99,99,99
30711691,0 99 99 99 99 99,0,99,99,99,99,99
38154895,1 3 1 99 99 99,1,3,1,99,99,99
36817114,0 99 99 99 99 99,0,99,99,99,99,99
50481341,1 1 2 4 1 99,1,1,2,4,1,99
42804312,0 99 99 99 99 99,0,99,99,99,99,99
27422310,0 99 99 99 99 99,0,99,99,99,99,99
54000775,1 1 2 4 1 99,1,1,2,4,1,99
32766327,0 99 99 99 99 99,0,99,99,99,99,99
43728667,0 99 99 99 99 99,0,99,99,99,99,99
46479604,,,NA,NA,NA,NA,NA
28010027,0 99 99 99 99 99,0,99,99,99,99,99
35188391,0 99 99 99 99 99,0,99,99,99,99,99
34982736,1 99 99 99 99 99,1,99,99,99,99,99
46644025,0 99 99 99 99 99,0,99,99,99,99,99
38910191,0 99 99 99 99 99,0,99,99,99,99,99
48360555,0 99 99 99 99 99,0,99,99,99,99,99
44664873,,,NA,NA,NA,NA,NA
41729532,0 99 99 99 99 99,0,99,99,99,99,99
43067754,,,NA,NA,NA,NA,NA
37918467,0 99 99 99 99 99,0,99,99,99,99,99
54732503,0 99 99 99 99 99,0,99,99,99,99,99
29695582,1 99 99 99 99 99,1,99,99,99,99,99
45101577,0 99 99 99 99 99,0,99,99,99,99,99
29303658,0 99 99 99 99 99,0,99,99,99,99,99
44536865,1 3 2 99 99 99,1,3,2,99,99,99
46249553,1 1 2 4 1 99,1,1,2,4,1,99
50514999,,,NA,NA,NA,NA,NA
40615148,,,NA,NA,NA,NA,NA
34425837,0 99 99 99 99 99,0,99,99,99,99,99
43067388,1 99 99 99 99 99,1,99,99,99,99,99
45176433,0 99 99 99 99 99,0,99,99,99,99,99
36237506,0 99 99 99 99 99,0,99,99,99,99,99
47409136,,,NA,NA,NA,NA,NA
53184517,0 99 99 99 99 99,0,99,99,99,99,99
42414991,1 2 2 5 1 99,1,2,2,5,1,99
38692657,,,NA,NA,NA,NA,NA
28555137,0 99 99 99 99 99,0,99,99,99,99,99
34227333,0 99 99 99 99 99,0,99,99,99,99,99
55693230,0 99 99 99 99 99,0,99,99,99,99,99
35710207,0 99 99 99 99 99,0,99,99,99,99,99
49834946,1 1 2 4 1 99,1,1,2,4,1,99
37631696,0 99 99 99 99 99,0,99,99,99,99,99
31061454,0 99 99 99 99 99,0,99,99,99,99,99
43551249,,,NA,NA,NA,NA,NA
27835967,0 99 99 99 99 99,0,99,99,99,99,99
37737198,1 1 2 4 1 99,1,1,2,4,1,99
51599984,,,NA,NA,NA,NA,NA
46338335,0 99 99 99 99 99,0,99,99,99,99,99
52941579,0 99 99 99 99 99,0,99,99,99,99,99
44236902,1 1 2 4 1 99,1,1,2,4,1,99
34658153,,,NA,NA,NA,NA,NA
32612765,,,NA,NA,NA,NA,NA
27954728,1 3 1 99 99 99,1,3,1,99,99,99
43191270,1 99 99 99 99 99,1,99,99,99,99,99
36058441,1 4 1 99 99 99,1,4,1,99,99,99
44204363,0 99 99 99 99 99,0,99,99,99,99,99
45293765,0 99 99 99 99 99,0,99,99,99,99,99
41643553,0 99 99 99 99 99,0,99,99,99,99,99
32805992,1 3 1 99 99 99,1,3,1,99,99,99
38564667,0 99 99 99 99 99,0,99,99,99,99,99
54390633,,,NA,NA,NA,NA,NA
28873406,0 99 99 99 99 99,0,99,99,99,99,99
50362265,1 99 99 99 99 99,1,99,99,99,99,99
37081145,1 99 99 99 99 99,1,99,99,99,99,99
47768577,,,NA,NA,NA,NA,NA
44282950,0 99 99 99 99 99,0,99,99,99,99,99
47663580,,,NA,NA,NA,NA,NA
45663901,0 99 99 99 99 99,0,99,99,99,99,99
38348785,0 99 99 99 99 99,0,99,99,99,99,99
37902348,1 99 99 99 99 99,1,99,99,99,99,99
30464760,0 99 99 99 99 99,0,99,99,99,99,99
34007615,0 99 99 99 99 99,0,99,99,99,99,99
54544132,0 99 99 99 99 99,0,99,99,99,99,99
52401297,1 1 2 4 1 99,1,1,2,4,1,99
36714488,1 1 2 4 1 99,1,1,2,4,1,99
54177072,0 99 99 99 99 99,0,99,99,99,99,99
35949106,,,NA,NA,NA,NA,NA
45066184,0 99 99 99 99 99,0,99,99,99,99,99
53639629,1 3 1 99 99 99,1,3,1,99,99,99
45591657,1 3 1 99 99 99,1,3,1,99,99,99
45819510,0 99 99 99 99 99,0,99,99,99,99,99
48930908,,,NA,NA,NA,NA,NA
26859033,1 1 2 4 1 99,1,1,2,4,1,99
38209938,1 3 1 99 99 99,1,3,1,99,99,99
44470735,,,NA,NA,NA,NA,NA
32805670,1 1 2 4 1 99,1,1,2,4,1,99
38106823,0 99 99 99 99 99,0,99,99,99,99,99
31325,0 99 99 99 99 99,0,99,99,99,99,99
40689149,1 1 2 4 1 99,1,1,2,4,1,99
38089110,,,NA,NA,NA,NA,NA
38707068,0 99 99 99 99 99,0,99,99,99,99,99
38482196,0 99 99 99 99 99,0,99,99,99,99,99
27078082,1 1 2 4 1 99,1,1,2,4,1,99
50066477,,,NA,NA,NA,NA,NA
41580782,0 99 99 99 99 99,0,99,99,99,99,99
47052138,0 99 99 99 99 99,0,99,99,99,99,99
44524672,0 99 99 99 99 99,0,99,99,99,99,99
39961481,0 99 99 99 99 99,0,99,99,99,99,99
50354545,0 99 99 99 99 99,0,99,99,99,99,99
34711404,,,NA,NA,NA,NA,NA
30578646,0 99 99 99 99 99,0,99,99,99,99,99
44149396,0 99 99 99 99 99,0,99,99,99,99,99
25558674,0 99 99 99 99 99,0,99,99,99,99,99
36733677,,,NA,NA,NA,NA,NA
32522312,0 99 99 99 99 99,0,99,99,99,99,99
43065891,1 1 2 5 1 99,1,1,2,5,1,99
48144660,1 1 2 4 1 99,1,1,2,4,1,99
36659883,,,NA,NA,NA,NA,NA
54685986,0 99 99 99 99 99,0,99,99,99,99,99
44547021,,,NA,NA,NA,NA,NA
46086233,,,NA,NA,NA,NA,NA
51507977,0 99 99 99 99 99,0,99,99,99,99,99
41841132,0 99 99 99 99 99,0,99,99,99,99,99
43840323,,,NA,NA,NA,NA,NA
54776241,1 3 1 99 99 99,1,3,1,99,99,99
25465651,,,NA,NA,NA,NA,NA
54079417,0 99 99 99 99 99,0,99,99,99,99,99
29111079,1 1 2 4 1 99,1,1,2,4,1,99
46110258,0 99 99 99 99 99,0,99,99,99,99,99
30319598,,,NA,NA,NA,NA,NA
45435502,0 99 99 99 99 99,0,99,99,99,99,99
44838509,,,NA,NA,NA,NA,NA
38296661,,,NA,NA,NA,NA,NA
37208286,0 99 99 99 99 99,0,99,99,99,99,99
52146038,1 3 1 99 99 99,1,3,1,99,99,99
48366637,1 3 2 99 99 99,1,3,2,99,99,99
46817135,,,NA,NA,NA,NA,NA
47494415,1 1 2 4 1 99,1,1,2,4,1,99
40415128,1 1 2 4 1 6,1,1,2,4,1,6
33792687,1 3 1 99 99 99,1,3,1,99,99,99
42361053,0 99 99 99 99 99,0,99,99,99,99,99
31673327,1 1 2 4 1 99,1,1,2,4,1,99
38590759,,,NA,NA,NA,NA,NA
35253903,0 99 99 99 99 99,0,99,99,99,99,99
44437538,0 99 99 99 99 99,0,99,99,99,99,99
33730951,,,NA,NA,NA,NA,NA
36205911,1 99 99 99 99 99,1,99,99,99,99,99
32066127,0 99 99 99 99 99,0,99,99,99,99,99
43048312,,,NA,NA,NA,NA,NA
46250615,1 99 99 99 99 99,1,99,99,99,99,99
55099481,0 99 99 99 99 99,0,99,99,99,99,99
33102271,0 99 99 99 99 99,0,99,99,99,99,99
48674532,0 99 99 99 99 99,0,99,99,99,99,99
51995463,,,NA,NA,NA,NA,NA
51511870,0 99 99 99 99 99,0,99,99,99,99,99
36315761,1 1 2 4 1 99,1,1,2,4,1,99
48933007,,,NA,NA,NA,NA,NA
54127878,0 99 99 99 99 99,0,99,99,99,99,99
46710404,1 1 2 4 1 99,1,1,2,4,1,99
39482527,0 99 99 99 99 99,0,99,99,99,99,99
42595390,1 1 2 4 1 99,1,1,2,4,1,99
46886247,0 99 99 99 99 99,0,99,99,99,99,99
29689656,,,NA,NA,NA,NA,NA
47324727,0 99 99 99 99 99,0,99,99,99,99,99
38605166,0 99 99 99 99 99,0,99,99,99,99,99
50184472,1 99 99 99 99 99,1,99,99,99,99,99
27552347,1 1 2 4 1 2,1,1,2,4,1,2
48424714,0 99 99 99 99 99,0,99,99,99,99,99
53515817,0 99 99 99 99 99,0,99,99,99,99,99
37877356,,,NA,NA,NA,NA,NA
47768577,,,NA,NA,NA,NA,NA
28562116,0 99 99 99 99 99,0,99,99,99,99,99
55361609,,,NA,NA,NA,NA,NA
51565739,,,NA,NA,NA,NA,NA
41984535,0 99 99 99 99 99,0,99,99,99,99,99
49494250,0 99 99 99 99 99,0,99,99,99,99,99
31920197,1 1 2 4 1 99,1,1,2,4,1,99
34101539,0 99 99 99 99 99,0,99,99,99,99,99
38734077,0 99 99 99 99 99,0,99,99,99,99,99
49065488,1 1 2 4 1 99,1,1,2,4,1,99
47631446,0 99 99 99 99 99,0,99,99,99,99,99
39530918,,,NA,NA,NA,NA,NA
46863010,,,NA,NA,NA,NA,NA
42691592,1 99 99 99 99 99,1,99,99,99,99,99
53879574,,,NA,NA,NA,NA,NA
48155467,1 3 1 99 99 99,1,3,1,99,99,99
44889055,,,NA,NA,NA,NA,NA
50037086,0 99 99 99 99 99,0,99,99,99,99,99
35988023,1 1 2 4 1 99,1,1,2,4,1,99
35935993,0 99 99 99 99 99,0,99,99,99,99,99
47803328,,,NA,NA,NA,NA,NA
30305809,0 99 99 99 99 99,0,99,99,99,99,99
51537033,1 3 1 99 99 99,1,3,1,99,99,99
46301876,0 99 99 99 99 99,0,99,99,99,99,99
53811898,1 1 2 4 1 99,1,1,2,4,1,99
39306524,0 99 99 99 99 99,0,99,99,99,99,99
47853745,1 99 99 99 99 99,1,99,99,99,99,99
44839878,0 99 99 99 99 99,0,99,99,99,99,99
48329024,0 99 99 99 99 99,0,99,99,99,99,99
38567900,0 99 99 99 99 99,0,99,99,99,99,99
39540234,0 99 99 99 99 99,0,99,99,99,99,99
37255012,1 1 2 4 1 6,1,1,2,4,1,6
46240270,0 99 99 99 99 99,0,99,99,99,99,99
45596969,0 99 99 99 99 99,0,99,99,99,99,99
36400473,0 99 99 99 99 99,0,99,99,99,99,99
46760571,0 99 99 99 99 99,0,99,99,99,99,99
47847045,1 3 1 99 99 99,1,3,1,99,99,99
40987637,0 99 99 99 99 99,0,99,99,99,99,99
733383,0 99 99 99 99 99,0,99,99,99,99,99
53842352,0 99 99 99 99 99,0,99,99,99,99,99
26971966,0 99 99 99 99 99,0,99,99,99,99,99
51670234,0 99 99 99 99 99,0,99,99,99,99,99
30214070,0 99 99 99 99 99,0,99,99,99,99,99
38311476,1 4 1 99 99 99,1,4,1,99,99,99
40172530,1 3 1 99 99 99,1,3,1,99,99,99
35972926,0 99 99 99 99 99,0,99,99,99,99,99
26993808,1 99 99 99 99 99,1,99,99,99,99,99
51670027,1 3 1 99 99 99,1,3,1,99,99,99
38262214,1 1 2 4 1 99,1,1,2,4,1,99
54907814,0 99 99 99 99 99,0,99,99,99,99,99
30133559,0 99 99 99 99 99,0,99,99,99,99,99
52372843,1 1 2 4 1 99,1,1,2,4,1,99
30615614,0 99 99 99 99 99,0,99,99,99,99,99
49577874,1 3 1 99 99 99,1,3,1,99,99,99
33968046,0 99 99 99 99 99,0,99,99,99,99,99
37173792,0 99 99 99 99 99,0,99,99,99,99,99
52240864,0 99 99 99 99 99,0,99,99,99,99,99
38051097,0 99 99 99 99 99,0,99,99,99,99,99
34892135,0 99 99 99 99 99,0,99,99,99,99,99
52142432,0 99 99 99 99 99,0,99,99,99,99,99
31780912,1 1 2 4 1 99,1,1,2,4,1,99
38993247,0 99 99 99 99 99,0,99,99,99,99,99
27861933,0 99 99 99 99 99,0,99,99,99,99,99
34581741,0 99 99 99 99 99,0,99,99,99,99,99
41348809,0 99 99 99 99 99,0,99,99,99,99,99
52357287,0 99 99 99 99 99,0,99,99,99,99,99
40380746,1 1 2 4 1 99,1,1,2,4,1,99
36629925,0 99 99 99 99 99,0,99,99,99,99,99
50702516,1 3 2 99 99 99,1,3,2,99,99,99
47829342,1 1 2 4 1 99,1,1,2,4,1,99
27630213,0 99 99 99 99 99,0,99,99,99,99,99
42650968,0 99 99 99 99 99,0,99,99,99,99,99
47509262,0 99 99 99 99 99,0,99,99,99,99,99
43499285,0 99 99 99 99 99,0,99,99,99,99,99
40184610,0 99 99 99 99 99,0,99,99,99,99,99
49240191,,,NA,NA,NA,NA,NA
54390419,,,NA,NA,NA,NA,NA
40863055,0 99 99 99 99 99,0,99,99,99,99,99
40792744,0 99 99 99 99 99,0,99,99,99,99,99
32447845,0 99 99 99 99 99,0,99,99,99,99,99
54821556,0 99 99 99 99 99,0,99,99,99,99,99
40365307,0 99 99 99 99 99,0,99,99,99,99,99
31786609,1 1 2 4 1 99,1,1,2,4,1,99
44075704,,,NA,NA,NA,NA,NA
1025754,1 3 1 99 99 99,1,3,1,99,99,99
42371077,1 99 99 99 99 99,1,99,99,99,99,99
54101190,,,NA,NA,NA,NA,NA
50170548,0 99 99 99 99 99,0,99,99,99,99,99
31809199,0 99 99 99 99 99,0,99,99,99,99,99
34112318,0 99 99 99 99 99,0,99,99,99,99,99
37246287,1 1 2 5 1 99,1,1,2,5,1,99
51448320,1 3 1 99 99 99,1,3,1,99,99,99
47081176,,,NA,NA,NA,NA,NA
53581234,1 3 1 99 99 99,1,3,1,99,99,99
37093738,0 99 99 99 99 99,0,99,99,99,99,99
42237766,1 1 2 4 1 99,1,1,2,4,1,99
48650732,,,NA,NA,NA,NA,NA
50984507,0 99 99 99 99 99,0,99,99,99,99,99
32100591,1 1 2 4 1 99,1,1,2,4,1,99
35942354,1 1 2 4 1 99,1,1,2,4,1,99
35246265,0 99 99 99 99 99,0,99,99,99,99,99
49866232,,,NA,NA,NA,NA,NA
47545190,1 4 1 99 99 99,1,4,1,99,99,99
49834945,,,NA,NA,NA,NA,NA
41993721,1 3 1 99 99 99,1,3,1,99,99,99
417904,0 99 99 99 99 99,0,99,99,99,99,99
34998102,,,NA,NA,NA,NA,NA
37811549,0 99 99 99 99 99,0,99,99,99,99,99
33202817,0 99 99 99 99 99,0,99,99,99,99,99
45922251,0 99 99 99 99 99,0,99,99,99,99,99
55587070,0 99 99 99 99 99,0,99,99,99,99,99
42450591,0 99 99 99 99 99,0,99,99,99,99,99
36521367,1 1 2 4 1 99,1,1,2,4,1,99
51996441,0 99 99 99 99 99,0,99,99,99,99,99
39102461,1 99 99 99 99 99,1,99,99,99,99,99
44190426,0 99 99 99 99 99,0,99,99,99,99,99
52846713,1 1 2 4 1 99,1,1,2,4,1,99
31723233,1 1 2 5 1 1,1,1,2,5,1,1
35157134,1 99 99 99 99 99,1,99,99,99,99,99
49416518,,,NA,NA,NA,NA,NA
253916,0 99 99 99 99 99,0,99,99,99,99,99
33243634,0 99 99 99 99 99,0,99,99,99,99,99
27816894,0 99 99 99 99 99,0,99,99,99,99,99
45151272,,,NA,NA,NA,NA,NA
51346941,0 99 99 99 99 99,0,99,99,99,99,99
31720935,,,NA,NA,NA,NA,NA
46763328,1 2 2 4 99 99,1,2,2,4,99,99
51448551,1 1 2 4 1 99,1,1,2,4,1,99
52476955,0 99 99 99 99 99,0,99,99,99,99,99
42882055,0 99 99 99 99 99,0,99,99,99,99,99
27243633,0 99 99 99 99 99,0,99,99,99,99,99
53641929,1 1 2 4 1 99,1,1,2,4,1,99
46654590,0 99 99 99 99 99,0,99,99,99,99,99
30790548,0 99 99 99 99 99,0,99,99,99,99,99
32349764,0 99 99 99 99 99,0,99,99,99,99,99
47660523,0 99 99 99 99 99,0,99,99,99,99,99
50145862,1 1 2 4 1 99,1,1,2,4,1,99
38145185,1 99 99 99 99 99,1,99,99,99,99,99
51257675,0 99 99 99 99 99,0,99,99,99,99,99
29670822,0 99 99 99 99 99,0,99,99,99,99,99
49996155,,,NA,NA,NA,NA,NA
932777,0 99 99 99 99 99,0,99,99,99,99,99
31997005,,,NA,NA,NA,NA,NA
34863607,0 99 99 99 99 99,0,99,99,99,99,99
36759700,0 99 99 99 99 99,0,99,99,99,99,99
32897509,,,NA,NA,NA,NA,NA
53030271,0 99 99 99 99 99,0,99,99,99,99,99
35015652,1 3 1 99 99 99,1,3,1,99,99,99
37610429,0 99 99 99 99 99,0,99,99,99,99,99
27143052,1 3 1 99 99 99,1,3,1,99,99,99
43077594,0 99 99 99 99 99,0,99,99,99,99,99
50261673,,,NA,NA,NA,NA,NA
50921376,1 1 2 4 1 99,1,1,2,4,1,99
32076925,1 1 2 5 1 99,1,1,2,5,1,99
48047357,,,NA,NA,NA,NA,NA
47686164,0 99 99 99 99 99,0,99,99,99,99,99
51825769,1 3 99 99 99 99,1,3,99,99,99,99
49413796,0 99 99 99 99 99,0,99,99,99,99,99
48682500,,,NA,NA,NA,NA,NA
37089802,0 99 99 99 99 99,0,99,99,99,99,99
51604951,1 3 1 99 99 99,1,3,1,99,99,99
39070177,,,NA,NA,NA,NA,NA
49381628,0 99 99 99 99 99,0,99,99,99,99,99
35928399,1 3 1 99 99 99,1,3,1,99,99,99
54611653,0 99 99 99 99 99,0,99,99,99,99,99
48699453,,,NA,NA,NA,NA,NA
40778537,,,NA,NA,NA,NA,NA
45011530,0 99 99 99 99 99,0,99,99,99,99,99
38699412,0 99 99 99 99 99,0,99,99,99,99,99
55617383,1 4 1 99 99 99,1,4,1,99,99,99
44862305,,,NA,NA,NA,NA,NA
45074351,,,NA,NA,NA,NA,NA
40680777,1 1 2 4 1 99,1,1,2,4,1,99
28355735,0 99 99 99 99 99,0,99,99,99,99,99
49945855,0 99 99 99 99 99,0,99,99,99,99,99
44702971,,,NA,NA,NA,NA,NA
39838130,,,NA,NA,NA,NA,NA
30141089,1 3 1 99 99 99,1,3,1,99,99,99
32100726,1 1 2 4 1 99,1,1,2,4,1,99
49663165,,,NA,NA,NA,NA,NA
51917311,1 1 2 4 1 99,1,1,2,4,1,99
35575268,0 99 99 99 99 99,0,99,99,99,99,99
37558633,1 1 2 5 1 1,1,1,2,5,1,1
51026542,0 99 99 99 99 99,0,99,99,99,99,99
49517070,0 99 99 99 99 99,0,99,99,99,99,99
47648699,0 99 99 99 99 99,0,99,99,99,99,99
43746709,1 1 2 4 1 1,1,1,2,4,1,1
27482446,,,NA,NA,NA,NA,NA
43942069,1 3 1 99 99 99,1,3,1,99,99,99
51670956,0 99 99 99 99 99,0,99,99,99,99,99
49564814,1 1 2 4 1 99,1,1,2,4,1,99
30164094,0 99 99 99 99 99,0,99,99,99,99,99
43785234,,,NA,NA,NA,NA,NA
42205298,1 99 99 99 99 99,1,99,99,99,99,99
43662955,0 99 99 99 99 99,0,99,99,99,99,99
46676790,1 1 2 4 1 99,1,1,2,4,1,99
50592675,1 1 2 4 1 99,1,1,2,4,1,99
51008236,,,NA,NA,NA,NA,NA
52109461,0 99 99 99 99 99,0,99,99,99,99,99
44191478,1 1 2 4 1 99,1,1,2,4,1,99
31228707,1 1 2 4 1 99,1,1,2,4,1,99
44911523,1 3 1 99 99 99,1,3,1,99,99,99
40173912,,,NA,NA,NA,NA,NA
49912137,1 1 2 4 1 99,1,1,2,4,1,99
47540907,0 99 99 99 99 99,0,99,99,99,99,99
52041485,1 1 2 4 1 6,1,1,2,4,1,6
46976220,,,NA,NA,NA,NA,NA
48677067,0 99 99 99 99 99,0,99,99,99,99,99
26917906,1 1 2 4 1 1,1,1,2,4,1,1
55431594,,,NA,NA,NA,NA,NA
43695199,1 1 1 4 1 99,1,1,1,4,1,99
31709054,,,NA,NA,NA,NA,NA
44292882,0 99 99 99 99 99,0,99,99,99,99,99
46577289,0 99 99 99 99 99,0,99,99,99,99,99
34132689,0 99 99 99 99 99,0,99,99,99,99,99
52611165,,,NA,NA,NA,NA,NA
51565739,,,NA,NA,NA,NA,NA
37340502,1 99 99 99 99 99,1,99,99,99,99,99
38078768,1 3 1 99 99 99,1,3,1,99,99,99
54810257,0 99 99 99 99 99,0,99,99,99,99,99
45696001,0 99 99 99 99 99,0,99,99,99,99,99
51613151,0 99 99 99 99 99,0,99,99,99,99,99
50633071,1 99 99 99 99 99,1,99,99,99,99,99
46520029,,,NA,NA,NA,NA,NA
44281377,0 99 99 99 99 99,0,99,99,99,99,99
30582893,1 99 99 99 99 99,1,99,99,99,99,99
37090308,0 99 99 99 99 99,0,99,99,99,99,99
44648451,0 99 99 99 99 99,0,99,99,99,99,99
45297724,1 99 99 99 99 99,1,99,99,99,99,99
28791577,,,NA,NA,NA,NA,NA
42927603,1 99 99 99 99 99,1,99,99,99,99,99
34347619,1 99 99 99 99 99,1,99,99,99,99,99
38915844,1 3 99 99 99 99,1,3,99,99,99,99
53852721,,,NA,NA,NA,NA,NA
38161359,0 99 99 99 99 99,0,99,99,99,99,99
54022197,0 99 99 99 99 99,0,99,99,99,99,99
43406895,,,NA,NA,NA,NA,NA
32449375,0 99 99 99 99 99,0,99,99,99,99,99
53772482,0 99 99 99 99 99,0,99,99,99,99,99
87551,,,NA,NA,NA,NA,NA
51736895,,,NA,NA,NA,NA,NA
48764741,0 99 99 99 99 99,0,99,99,99,99,99
36593734,,,NA,NA,NA,NA,NA
28731429,1 1 2 4 1 99,1,1,2,4,1,99
52339557,1 3 1 99 99 99,1,3,1,99,99,99
54230487,0 99 99 99 99 99,0,99,99,99,99,99
34829065,1 1 2 4 1 99,1,1,2,4,1,99
42321617,1 99 99 99 99 99,1,99,99,99,99,99
35789057,0 99 99 99 99 99,0,99,99,99,99,99
27739602,1 3 1 99 99 99,1,3,1,99,99,99
44703809,1 99 99 99 99 99,1,99,99,99,99,99
43665671,,,NA,NA,NA,NA,NA
34877656,1 3 1 99 99 99,1,3,1,99,99,99
37360134,0 99 99 99 99 99,0,99,99,99,99,99
54702256,0 99 99 99 99 99,0,99,99,99,99,99
32343348,0 99 99 99 99 99,0,99,99,99,99,99
38401078,0 99 99 99 99 99,0,99,99,99,99,99
50040101,,,NA,NA,NA,NA,NA
48084445,0 99 99 99 99 99,0,99,99,99,99,99
44134738,0 99 99 99 99 99,0,99,99,99,99,99
40907841,,,NA,NA,NA,NA,NA
33843486,1 3 1 99 99 99,1,3,1,99,99,99
27031163,0 99 99 99 99 99,0,99,99,99,99,99
44560209,0 99 99 99 99 99,0,99,99,99,99,99
29882845,,,NA,NA,NA,NA,NA
55474016,0 99 99 99 99 99,0,99,99,99,99,99
52182815,,,NA,NA,NA,NA,NA
39955038,0 99 99 99 99 99,0,99,99,99,99,99
27878111,1 1 2 4 1 99,1,1,2,4,1,99
35770907,1 3 1 99 99 99,1,3,1,99,99,99
911189,0 99 99 99 99 99,0,99,99,99,99,99
52407054,1 1 2 4 1 99,1,1,2,4,1,99
50347875,1 1 2 4 1 99,1,1,2,4,1,99
28399539,,,NA,NA,NA,NA,NA
227292,1 1 2 4 1 6,1,1,2,4,1,6
34858506,1 3 1 99 99 99,1,3,1,99,99,99
42867468,1 2 2 4 1 99,1,2,2,4,1,99
38620793,,,NA,NA,NA,NA,NA
39085121,0 99 99 99 99 99,0,99,99,99,99,99
44065764,0 99 99 99 99 99,0,99,99,99,99,99
47622460,1 4 1 99 99 99,1,4,1,99,99,99
48426021,,,NA,NA,NA,NA,NA
39838131,,,NA,NA,NA,NA,NA
36914770,0 99 99 99 99 99,0,99,99,99,99,99
47952444,0 99 99 99 99 99,0,99,99,99,99,99
49067378,0 99 99 99 99 99,0,99,99,99,99,99
55574816,,,NA,NA,NA,NA,NA
35928041,0 99 99 99 99 99,0,99,99,99,99,99
50142812,,,NA,NA,NA,NA,NA
27783940,0 99 99 99 99 99,0,99,99,99,99,99
28886142,1 3 1 99 99 99,1,3,1,99,99,99
38686189,0 99 99 99 99 99,0,99,99,99,99,99
42854566,,,NA,NA,NA,NA,NA
51224298,0 99 99 99 99 99,0,99,99,99,99,99
44000495,0 99 99 99 99 99,0,99,99,99,99,99
35188377,0 99 99 99 99 99,0,99,99,99,99,99
37600146,,,NA,NA,NA,NA,NA
52225565,,,NA,NA,NA,NA,NA
194741,0 99 99 99 99 99,0,99,99,99,99,99
43569783,,,NA,NA,NA,NA,NA
43931300,0 99 99 99 99 99,0,99,99,99,99,99
38163153,0 99 99 99 99 99,0,99,99,99,99,99
46244571,0 99 99 99 99 99,0,99,99,99,99,99
45878563,0 99 99 99 99 99,0,99,99,99,99,99
36962006,1 1 2 4 1 3,1,1,2,4,1,3
30851051,,,NA,NA,NA,NA,NA
45230359,1 99 99 99 99 99,1,99,99,99,99,99
42649731,0 99 99 99 99 99,0,99,99,99,99,99
54987718,0 99 99 99 99 99,0,99,99,99,99,99
30252937,1 3 1 99 99 99,1,3,1,99,99,99
46550864,0 99 99 99 99 99,0,99,99,99,99,99
37671868,1 3 1 99 99 99,1,3,1,99,99,99
29809327,,,NA,NA,NA,NA,NA
52134629,,,NA,NA,NA,NA,NA
53279202,0 99 99 99 99 99,0,99,99,99,99,99
42283647,0 99 99 99 99 99,0,99,99,99,99,99
38686062,0 99 99 99 99 99,0,99,99,99,99,99
44111637,,,NA,NA,NA,NA,NA
45260745,0 99 99 99 99 99,0,99,99,99,99,99
50231635,1 1 2 4 1 99,1,1,2,4,1,99
37609409,0 99 99 99 99 99,0,99,99,99,99,99
37671909,,,NA,NA,NA,NA,NA
49606002,0 99 99 99 99 99,0,99,99,99,99,99
32807128,0 99 99 99 99 99,0,99,99,99,99,99
210049,0 99 99 99 99 99,0,99,99,99,99,99
33973723,0 99 99 99 99 99,0,99,99,99,99,99
52877472,0 99 99 99 99 99,0,99,99,99,99,99
50829227,,,NA,NA,NA,NA,NA
43603774,,,NA,NA,NA,NA,NA
423577,1 3 1 99 99 99,1,3,1,99,99,99
48542455,1 1 2 4 1 99,1,1,2,4,1,99
38355223,0 99 99 99 99 99,0,99,99,99,99,99
48919400,1 99 99 99 99 99,1,99,99,99,99,99
35062282,0 99 99 99 99 99,0,99,99,99,99,99
52847341,0 99 99 99 99 99,0,99,99,99,99,99
53159914,0 99 99 99 99 99,0,99,99,99,99,99
27145506,,,NA,NA,NA,NA,NA
25484856,1 1 2 4 1 99,1,1,2,4,1,99
45515492,0 99 99 99 99 99,0,99,99,99,99,99
35709761,0 99 99 99 99 99,0,99,99,99,99,99
30348136,0 99 99 99 99 99,0,99,99,99,99,99
28435665,0 99 99 99 99 99,0,99,99,99,99,99
27668518,,,NA,NA,NA,NA,NA
31924506,1 1 2 4 1 99,1,1,2,4,1,99
40399180,0 99 99 99 99 99,0,99,99,99,99,99
31081514,,,NA,NA,NA,NA,NA
28836238,0 99 99 99 99 99,0,99,99,99,99,99
46814946,1 1 2 4 1 99,1,1,2,4,1,99
52901444,,,NA,NA,NA,NA,NA
37850235,1 1 2 4 1 99,1,1,2,4,1,99
51166518,0 99 99 99 99 99,0,99,99,99,99,99
42974231,0 99 99 99 99 99,0,99,99,99,99,99
41511925,1 3 2 99 99 99,1,3,2,99,99,99
31988560,1 1 2 4 1 99,1,1,2,4,1,99
30417443,1 99 99 99 99 99,1,99,99,99,99,99
41027824,0 99 99 99 99 99,0,99,99,99,99,99
47062043,0 99 99 99 99 99,0,99,99,99,99,99
40723968,1 3 1 99 99 99,1,3,1,99,99,99
45124262,0 99 99 99 99 99,0,99,99,99,99,99
48704210,0 99 99 99 99 99,0,99,99,99,99,99
51071020,,,NA,NA,NA,NA,NA
44310150,,,NA,NA,NA,NA,NA
36151700,1 1 2 4 1 99,1,1,2,4,1,99
139306,0 99 99 99 99 99,0,99,99,99,99,99
43306679,0 99 99 99 99 99,0,99,99,99,99,99
43342300,0 99 99 99 99 99,0,99,99,99,99,99
50346423,1 1 2 4 1 99,1,1,2,4,1,99
51714337,0 99 99 99 99 99,0,99,99,99,99,99
37828045,,,NA,NA,NA,NA,NA
46098366,1 3 1 99 99 99,1,3,1,99,99,99
47412236,,,NA,NA,NA,NA,NA
52098359,0 99 99 99 99 99,0,99,99,99,99,99
43479748,1 1 2 4 1 6,1,1,2,4,1,6
47424549,,,NA,NA,NA,NA,NA
47057036,,,NA,NA,NA,NA,NA
47665419,0 99 99 99 99 99,0,99,99,99,99,99
53594925,,,NA,NA,NA,NA,NA
54317461,1 99 99 99 99 99,1,99,99,99,99,99
38076486,1 3 1 99 99 99,1,3,1,99,99,99
43943341,0 99 99 99 99 99,0,99,99,99,99,99
27171081,,,NA,NA,NA,NA,NA
32885697,0 99 99 99 99 99,0,99,99,99,99,99
34474812,1 3 1 99 99 99,1,3,1,99,99,99
42495636,1 1 2 4 1 99,1,1,2,4,1,99
53389901,1 4 1 99 99 99,1,4,1,99,99,99
47977396,,,NA,NA,NA,NA,NA
48455723,0 99 99 99 99 99,0,99,99,99,99,99
38210684,0 99 99 99 99 99,0,99,99,99,99,99
39097772,0 99 99 99 99 99,0,99,99,99,99,99
54144139,,,NA,NA,NA,NA,NA
45783553,1 3 1 99 99 99,1,3,1,99,99,99
47067347,0 99 99 99 99 99,0,99,99,99,99,99
46863007,,,NA,NA,NA,NA,NA
37679714,0 99 99 99 99 99,0,99,99,99,99,99
48147528,0 99 99 99 99 99,0,99,99,99,99,99
37184544,,,NA,NA,NA,NA,NA
47186498,1 1 2 4 1 99,1,1,2,4,1,99
49028430,0 99 99 99 99 99,0,99,99,99,99,99
45405532,0 99 99 99 99 99,0,99,99,99,99,99
36580749,1 1 2 4 1 3,1,1,2,4,1,3
44087912,0 99 99 99 99 99,0,99,99,99,99,99
48267610,,,NA,NA,NA,NA,NA
36371980,1 1 2 4 1 99,1,1,2,4,1,99
35159445,0 99 99 99 99 99,0,99,99,99,99,99
33127860,1 4 1 99 99 99,1,4,1,99,99,99
43863427,0 99 99 99 99 99,0,99,99,99,99,99
38654384,,,NA,NA,NA,NA,NA
37877592,1 3 1 99 99 99,1,3,1,99,99,99
27078211,1 1 2 4 1 99,1,1,2,4,1,99
50344289,1 3 1 99 99 99,1,3,1,99,99,99
45228420,,,NA,NA,NA,NA,NA
52815677,0 99 99 99 99 99,0,99,99,99,99,99
27944473,,,NA,NA,NA,NA,NA
26935508,0 99 99 99 99 99,0,99,99,99,99,99
46610238,,,NA,NA,NA,NA,NA
52310681,,,NA,NA,NA,NA,NA
49401459,1 1 2 4 1 99,1,1,2,4,1,99
35933759,1 1 2 4 1 99,1,1,2,4,1,99
38479427,0 99 99 99 99 99,0,99,99,99,99,99
707077,,,NA,NA,NA,NA,NA
38349024,0 99 99 99 99 99,0,99,99,99,99,99
48545084,0 99 99 99 99 99,0,99,99,99,99,99
43223230,0 99 99 99 99 99,0,99,99,99,99,99
35818738,,,NA,NA,NA,NA,NA
49560971,0 99 99 99 99 99,0,99,99,99,99,99
49587246,0 99 99 99 99 99,0,99,99,99,99,99
49032178,0 99 99 99 99 99,0,99,99,99,99,99
44035428,0 99 99 99 99 99,0,99,99,99,99,99
35694118,,,NA,NA,NA,NA,NA
52108227,0 99 99 99 99 99,0,99,99,99,99,99
40997057,1 1 2 4 1 99,1,1,2,4,1,99
38855597,0 99 99 99 99 99,0,99,99,99,99,99
36228651,0 99 99 99 99 99,0,99,99,99,99,99
46100943,0 99 99 99 99 99,0,99,99,99,99,99
44798145,,,NA,NA,NA,NA,NA
54874050,1 3 1 99 99 99,1,3,1,99,99,99
38071187,1 99 99 99 99 99,1,99,99,99,99,99
37688207,0 99 99 99 99 99,0,99,99,99,99,99
55075216,1 1 2 4 1 99,1,1,2,4,1,99
27721886,0 99 99 99 99 99,0,99,99,99,99,99
44450430,,,NA,NA,NA,NA,NA
48403281,0 99 99 99 99 99,0,99,99,99,99,99
40835843,,,NA,NA,NA,NA,NA
48414057,1 1 2 4 1 99,1,1,2,4,1,99
44240341,,,NA,NA,NA,NA,NA
43066417,0 99 99 99 99 99,0,99,99,99,99,99
53029193,0 99 99 99 99 99,0,99,99,99,99,99
54724512,,,NA,NA,NA,NA,NA
49370655,0 99 99 99 99 99,0,99,99,99,99,99
54809896,0 99 99 99 99 99,0,99,99,99,99,99
48904379,1 1 2 4 1 99,1,1,2,4,1,99
39961882,1 99 99 99 99 99,1,99,99,99,99,99
50028856,,,NA,NA,NA,NA,NA
43859200,,,NA,NA,NA,NA,NA
38239541,0 99 99 99 99 99,0,99,99,99,99,99
39642150,0 99 99 99 99 99,0,99,99,99,99,99
36415580,1 1 2 4 1 99,1,1,2,4,1,99
54262653,0 99 99 99 99 99,0,99,99,99,99,99
35023476,,,NA,NA,NA,NA,NA
30724985,1 99 99 99 99 99,1,99,99,99,99,99
35595714,0 99 99 99 99 99,0,99,99,99,99,99
30283670,,,NA,NA,NA,NA,NA
46811655,,,NA,NA,NA,NA,NA
38257403,0 99 99 99 99 99,0,99,99,99,99,99
54330727,1 99 99 99 99 99,1,99,99,99,99,99
39807085,1 99 99 99 99 99,1,99,99,99,99,99
40644439,,,NA,NA,NA,NA,NA
28181750,0 99 99 99 99 99,0,99,99,99,99,99
47768577,,,NA,NA,NA,NA,NA
33643155,1 1 2 4 1 99,1,1,2,4,1,99
28083188,0 99 99 99 99 99,0,99,99,99,99,99
49803284,0 99 99 99 99 99,0,99,99,99,99,99
43538398,1 1 2 4 1 99,1,1,2,4,1,99
28368440,0 99 99 99 99 99,0,99,99,99,99,99
904101,0 99 99 99 99 99,0,99,99,99,99,99
448708,0 99 99 99 99 99,0,99,99,99,99,99
34675797,0 99 99 99 99 99,0,99,99,99,99,99
35171789,,,NA,NA,NA,NA,NA
43139030,1 1 2 4 1 1,1,1,2,4,1,1
30816807,0 99 99 99 99 99,0,99,99,99,99,99
51176768,0 99 99 99 99 99,0,99,99,99,99,99
37056145,1 3 1 99 99 99,1,3,1,99,99,99
42734101,0 99 99 99 99 99,0,99,99,99,99,99
37665942,,,NA,NA,NA,NA,NA
43241883,0 99 99 99 99 99,0,99,99,99,99,99
33145336,,,NA,NA,NA,NA,NA
44977686,1 3 1 99 99 99,1,3,1,99,99,99
44350841,0 99 99 99 99 99,0,99,99,99,99,99
36511439,,,NA,NA,NA,NA,NA
50995749,0 99 99 99 99 99,0,99,99,99,99,99
31987850,1 1 2 4 1 99,1,1,2,4,1,99
39908855,0 99 99 99 99 99,0,99,99,99,99,99
49536415,1 99 99 99 99 99,1,99,99,99,99,99
33208747,0 99 99 99 99 99,0,99,99,99,99,99
46811655,0 99 99 99 99 99,0,99,99,99,99,99
49620806,,,NA,NA,NA,NA,NA
31786509,0 99 99 99 99 99,0,99,99,99,99,99
37125141,1 99 99 99 99 99,1,99,99,99,99,99
37932008,0 99 99 99 99 99,0,99,99,99,99,99
46551002,,,NA,NA,NA,NA,NA
32946252,0 99 99 99 99 99,0,99,99,99,99,99
34140733,0 99 99 99 99 99,0,99,99,99,99,99
34873101,0 99 99 99 99 99,0,99,99,99,99,99
42750700,0 99 99 99 99 99,0,99,99,99,99,99
34794991,,,NA,NA,NA,NA,NA
37827339,0 99 99 99 99 99,0,99,99,99,99,99
47827998,0 99 99 99 99 99,0,99,99,99,99,99
35247581,0 99 99 99 99 99,0,99,99,99,99,99
46379194,0 99 99 99 99 99,0,99,99,99,99,99
36498917,,,NA,NA,NA,NA,NA
36810145,0 99 99 99 99 99,0,99,99,99,99,99
47593910,0 99 99 99 99 99,0,99,99,99,99,99
51153695,0 99 99 99 99 99,0,99,99,99,99,99
39306028,1 99 99 99 99 99,1,99,99,99,99,99
54052868,0 99 99 99 99 99,0,99,99,99,99,99
31621588,0 99 99 99 99 99,0,99,99,99,99,99
54002824,,,NA,NA,NA,NA,NA
36810139,0 99 99 99 99 99,0,99,99,99,99,99
45992615,1 1 2 4 1 1,1,1,2,4,1,1
55584741,0 99 99 99 99 99,0,99,99,99,99,99
44398762,0 99 99 99 99 99,0,99,99,99,99,99
41690146,0 99 99 99 99 99,0,99,99,99,99,99
53980901,,,NA,NA,NA,NA,NA
46742239,1 3 1 99 99 99,1,3,1,99,99,99
42685528,1 99 99 99 99 99,1,99,99,99,99,99
36656325,,,NA,NA,NA,NA,NA
44443853,0 99 99 99 99 99,0,99,99,99,99,99
38481232,0 99 99 99 99 99,0,99,99,99,99,99
38509638,0 99 99 99 99 99,0,99,99,99,99,99
37446914,,,NA,NA,NA,NA,NA
30426810,0 99 99 99 99 99,0,99,99,99,99,99
43422844,,,NA,NA,NA,NA,NA
55035575,0 99 99 99 99 99,0,99,99,99,99,99
39297510,0 99 99 99 99 99,0,99,99,99,99,99
41267229,,,NA,NA,NA,NA,NA
36661327,0 99 99 99 99 99,0,99,99,99,99,99
37315649,0 99 99 99 99 99,0,99,99,99,99,99
38560352,,,NA,NA,NA,NA,NA
52647607,1 99 99 99 99 99,1,99,99,99,99,99
38153446,1 3 1 99 99 99,1,3,1,99,99,99
51904710,0 99 99 99 99 99,0,99,99,99,99,99
55147042,0 99 99 99 99 99,0,99,99,99,99,99
28098132,1 3 1 99 99 99,1,3,1,99,99,99
32164719,,,NA,NA,NA,NA,NA
38293901,1 1 2 4 1 99,1,1,2,4,1,99
43951686,,,NA,NA,NA,NA,NA
50317758,0 99 99 99 99 99,0,99,99,99,99,99
55123350,,,NA,NA,NA,NA,NA
38653054,0 99 99 99 99 99,0,99,99,99,99,99
37140596,1 3 1 99 99 99,1,3,1,99,99,99
51470520,1 1 2 4 1 99,1,1,2,4,1,99
39745500,0 99 99 99 99 99,0,99,99,99,99,99
37388748,0 99 99 99 99 99,0,99,99,99,99,99
49135461,1 1 2 4 99 1,1,1,2,4,99,1
35732462,0 99 99 99 99 99,0,99,99,99,99,99
36875869,,,NA,NA,NA,NA,NA
48859231,0 99 99 99 99 99,0,99,99,99,99,99
25380362,0 99 99 99 99 99,0,99,99,99,99,99
37947839,,,NA,NA,NA,NA,NA
27547710,1 3 1 99 99 99,1,3,1,99,99,99
34089778,0 99 99 99 99 99,0,99,99,99,99,99
29202229,0 99 99 99 99 99,0,99,99,99,99,99
43519106,,,NA,NA,NA,NA,NA
36429724,0 99 99 99 99 99,0,99,99,99,99,99
32966448,0 99 99 99 99 99,0,99,99,99,99,99
30806573,,,NA,NA,NA,NA,NA
50516179,0 99 99 99 99 99,0,99,99,99,99,99
51507133,0 99 99 99 99 99,0,99,99,99,99,99
38936065,0 99 99 99 99 99,0,99,99,99,99,99
37205832,0 99 99 99 99 99,0,99,99,99,99,99
51099837,,,NA,NA,NA,NA,NA
53964065,0 99 99 99 99 99,0,99,99,99,99,99
41740556,0 99 99 99 99 99,0,99,99,99,99,99
27262783,0 99 99 99 99 99,0,99,99,99,99,99
39591017,,,NA,NA,NA,NA,NA
48660103,1 1 2 4 1 99,1,1,2,4,1,99
36521579,1 1 2 4 1 99,1,1,2,4,1,99
51481409,0 99 99 99 99 99,0,99,99,99,99,99
44835558,1 99 99 99 99 99,1,99,99,99,99,99
36080756,0 99 99 99 99 99,0,99,99,99,99,99
36816102,0 99 99 99 99 99,0,99,99,99,99,99
46335155,1 1 2 4 1 99,1,1,2,4,1,99
52092473,,,NA,NA,NA,NA,NA
33793887,0 99 99 99 99 99,0,99,99,99,99,99
29138965,0 99 99 99 99 99,0,99,99,99,99,99
37166704,1 1 2 4 1 99,1,1,2,4,1,99
35154777,,,NA,NA,NA,NA,NA
35156273,1 3 1 99 99 99,1,3,1,99,99,99
44138253,1 3 1 99 99 99,1,3,1,99,99,99
37811603,0 99 99 99 99 99,0,99,99,99,99,99
51141594,0 99 99 99 99 99,0,99,99,99,99,99
47517790,1 1 2 4 1 99,1,1,2,4,1,99
51565739,,,NA,NA,NA,NA,NA
38254448,0 99 99 99 99 99,0,99,99,99,99,99
50005161,0 99 99 99 99 99,0,99,99,99,99,99
27336434,1 3 1 99 99 99,1,3,1,99,99,99
37216050,1 1 2 5 1 99,1,1,2,5,1,99
48426243,0 99 99 99 99 99,0,99,99,99,99,99
36656709,1 1 2 4 1 99,1,1,2,4,1,99
37860324,0 99 99 99 99 99,0,99,99,99,99,99
25337425,0 99 99 99 99 99,0,99,99,99,99,99
49184743,0 99 99 99 99 99,0,99,99,99,99,99
43849761,,,NA,NA,NA,NA,NA
38592035,,,NA,NA,NA,NA,NA
36648664,0 99 99 99 99 99,0,99,99,99,99,99
38780096,0 99 99 99 99 99,0,99,99,99,99,99
27336251,0 99 99 99 99 99,0,99,99,99,99,99
52779232,1 99 99 99 99 99,1,99,99,99,99,99
47921276,1 3 99 99 99 99,1,3,99,99,99,99
35996977,1 1 2 5 1 99,1,1,2,5,1,99
37093344,0 99 99 99 99 99,0,99,99,99,99,99
40328280,1 99 99 99 99 99,1,99,99,99,99,99
53549288,,,NA,NA,NA,NA,NA
44431160,0 99 99 99 99 99,0,99,99,99,99,99
300027,0 99 99 99 99 99,0,99,99,99,99,99
51520434,0 99 99 99 99 99,0,99,99,99,99,99
49642588,,,NA,NA,NA,NA,NA
33880589,0 99 99 99 99 99,0,99,99,99,99,99
37721111,0 99 99 99 99 99,0,99,99,99,99,99
37674328,1 1 2 4 1 6,1,1,2,4,1,6
38403670,0 99 99 99 99 99,0,99,99,99,99,99
53343756,1 1 2 5 1 1,1,1,2,5,1,1
36315184,0 99 99 99 99 99,0,99,99,99,99,99
54755263,0 99 99 99 99 99,0,99,99,99,99,99
52053386,,,NA,NA,NA,NA,NA
54276284,1 1 2 4 1 1,1,1,2,4,1,1
42011272,,,NA,NA,NA,NA,NA
52099761,0 99 99 99 99 99,0,99,99,99,99,99
37269908,0 99 99 99 99 99,0,99,99,99,99,99
53629688,0 99 99 99 99 99,0,99,99,99,99,99
36284884,1 99 99 99 99 99,1,99,99,99,99,99
35943671,0 99 99 99 99 99,0,99,99,99,99,99
35564865,,,NA,NA,NA,NA,NA
30904843,0 99 99 99 99 99,0,99,99,99,99,99
53844771,1 3 1 99 99 99,1,3,1,99,99,99
48190490,,,NA,NA,NA,NA,NA
33453416,0 99 99 99 99 99,0,99,99,99,99,99
53774813,0 99 99 99 99 99,0,99,99,99,99,99
25421007,1 1 2 3 99 99,1,1,2,3,99,99
43320000,0 99 99 99 99 99,0,99,99,99,99,99
53809120,0 99 99 99 99 99,0,99,99,99,99,99
43691555,1 99 99 99 99 99,1,99,99,99,99,99
43994926,,,NA,NA,NA,NA,NA
51448547,0 99 99 99 99 99,0,99,99,99,99,99
36328896,,,NA,NA,NA,NA,NA
44729438,1 1 2 4 1 99,1,1,2,4,1,99
34211513,0 99 99 99 99 99,0,99,99,99,99,99
39070174,0 99 99 99 99 99,0,99,99,99,99,99
48650732,,,NA,NA,NA,NA,NA
42542681,0 99 99 99 99 99,0,99,99,99,99,99
52647103,,,NA,NA,NA,NA,NA
27294534,1 1 1 99 99 99,1,1,1,99,99,99
53298458,0 99 99 99 99 99,0,99,99,99,99,99
52831315,,,NA,NA,NA,NA,NA
28413381,0 99 99 99 99 99,0,99,99,99,99,99
51164647,0 99 99 99 99 99,0,99,99,99,99,99
42499954,,,NA,NA,NA,NA,NA
51060343,,,NA,NA,NA,NA,NA
42491983,0 99 99 99 99 99,0,99,99,99,99,99
38357317,0 99 99 99 99 99,0,99,99,99,99,99
51565739,,,NA,NA,NA,NA,NA
45971656,0 99 99 99 99 99,0,99,99,99,99,99
45882425,1 1 2 4 1 99,1,1,2,4,1,99
54122277,0 99 99 99 99 99,0,99,99,99,99,99
47665484,1 3 1 99 99 99,1,3,1,99,99,99
43076008,,,NA,NA,NA,NA,NA
37842580,0 99 99 99 99 99,0,99,99,99,99,99
42655967,,,NA,NA,NA,NA,NA
52604388,0 99 99 99 99 99,0,99,99,99,99,99
55466663,0 99 99 99 99 99,0,99,99,99,99,99
27071406,0 99 99 99 99 99,0,99,99,99,99,99
28302136,0 99 99 99 99 99,0,99,99,99,99,99
30632121,0 99 99 99 99 99,0,99,99,99,99,99
28295786,,,NA,NA,NA,NA,NA
29096350,0 99 99 99 99 99,0,99,99,99,99,99
46306931,,,NA,NA,NA,NA,NA
52836829,0 99 99 99 99 99,0,99,99,99,99,99
37515125,1 99 99 99 99 99,1,99,99,99,99,99
45444651,1 1 2 4 1 3,1,1,2,4,1,3
35901167,1 1 2 4 1 1,1,1,2,4,1,1
33531982,,,NA,NA,NA,NA,NA
27077789,1 99 99 99 99 99,1,99,99,99,99,99
384282,0 99 99 99 99 99,0,99,99,99,99,99
44361932,0 99 99 99 99 99,0,99,99,99,99,99
28315801,1 1 2 4 1 99,1,1,2,4,1,99
181017,0 99 99 99 99 99,0,99,99,99,99,99
41427728,,,NA,NA,NA,NA,NA
42845167,1 99 99 99 99 99,1,99,99,99,99,99
45820328,,,NA,NA,NA,NA,NA
54882447,0 99 99 99 99 99,0,99,99,99,99,99
52342098,1 3 1 99 99 99,1,3,1,99,99,99
40225496,0 99 99 99 99 99,0,99,99,99,99,99
39926410,1 99 99 99 99 99,1,99,99,99,99,99
46788672,0 99 99 99 99 99,0,99,99,99,99,99
52028583,,,NA,NA,NA,NA,NA
48154629,0 99 99 99 99 99,0,99,99,99,99,99
42957069,1 1 2 4 1 99,1,1,2,4,1,99
46365497,0 99 99 99 99 99,0,99,99,99,99,99
50346661,1 1 2 4 1 99,1,1,2,4,1,99
411407,0 99 99 99 99 99,0,99,99,99,99,99
753949,0 99 99 99 99 99,0,99,99,99,99,99
37435645,,,NA,NA,NA,NA,NA
28355447,0 99 99 99 99 99,0,99,99,99,99,99
43152338,0 99 99 99 99 99,0,99,99,99,99,99
42940432,0 99 99 99 99 99,0,99,99,99,99,99
46518845,0 99 99 99 99 99,0,99,99,99,99,99
54788502,0 99 99 99 99 99,0,99,99,99,99,99
28225575,0 99 99 99 99 99,0,99,99,99,99,99
55311850,0 99 99 99 99 99,0,99,99,99,99,99
51599129,0 99 99 99 99 99,0,99,99,99,99,99
49643813,,,NA,NA,NA,NA,NA
44304636,0 99 99 99 99 99,0,99,99,99,99,99
43138026,1 3 1 99 99 99,1,3,1,99,99,99
50842593,,,NA,NA,NA,NA,NA
37131905,0 99 99 99 99 99,0,99,99,99,99,99
43868064,0 99 99 99 99 99,0,99,99,99,99,99
38574414,0 99 99 99 99 99,0,99,99,99,99,99
29525387,0 99 99 99 99 99,0,99,99,99,99,99
34308221,1 1 2 4 1 99,1,1,2,4,1,99
38076747,1 1 2 4 1 99,1,1,2,4,1,99
37103795,0 99 99 99 99 99,0,99,99,99,99,99
47231772,0 99 99 99 99 99,0,99,99,99,99,99
45077419,,,NA,NA,NA,NA,NA
30362002,0 99 99 99 99 99,0,99,99,99,99,99
45457579,,,NA,NA,NA,NA,NA
50744968,0 99 99 99 99 99,0,99,99,99,99,99
50696151,,,NA,NA,NA,NA,NA
34928406,0 99 99 99 99 99,0,99,99,99,99,99
52455336,0 99 99 99 99 99,0,99,99,99,99,99
36954808,,,NA,NA,NA,NA,NA
46362842,1 3 1 99 99 99,1,3,1,99,99,99
49949505,1 1 2 4 1 99,1,1,2,4,1,99
53630616,0 99 99 99 99 99,0,99,99,99,99,99
34394660,0 99 99 99 99 99,0,99,99,99,99,99
37039486,0 99 99 99 99 99,0,99,99,99,99,99
29868362,1 3 1 99 99 99,1,3,1,99,99,99
51396154,0 99 99 99 99 99,0,99,99,99,99,99
52357296,1 3 1 99 99 99,1,3,1,99,99,99
50515061,,,NA,NA,NA,NA,NA
30191010,1 99 99 99 99 99,1,99,99,99,99,99
42719858,1 1 2 4 1 2,1,1,2,4,1,2
45048380,,,NA,NA,NA,NA,NA
35611536,0 99 99 99 99 99,0,99,99,99,99,99
44706251,1 1 2 4 1 99,1,1,2,4,1,99
38761883,0 99 99 99 99 99,0,99,99,99,99,99
40372221,1 99 99 99 99 99,1,99,99,99,99,99
54924535,1 99 99 99 99 99,1,99,99,99,99,99
38751765,1 4 1 99 99 99,1,4,1,99,99,99
48086041,0 99 99 99 99 99,0,99,99,99,99,99
45160533,,,NA,NA,NA,NA,NA
45599113,,,NA,NA,NA,NA,NA
39794999,0 99 99 99 99 99,0,99,99,99,99,99
35972187,0 99 99 99 99 99,0,99,99,99,99,99
47593380,0 99 99 99 99 99,0,99,99,99,99,99
42860181,1 4 1 99 99 99,1,4,1,99,99,99
42296084,0 99 99 99 99 99,0,99,99,99,99,99
52663274,0 99 99 99 99 99,0,99,99,99,99,99
43140916,1 3 1 99 99 99,1,3,1,99,99,99
53240575,1 1 2 5 1 99,1,1,2,5,1,99
27268945,1 1 2 4 1 99,1,1,2,4,1,99
39831955,0 99 99 99 99 99,0,99,99,99,99,99
45896918,0 99 99 99 99 99,0,99,99,99,99,99
29802217,,,NA,NA,NA,NA,NA
45283631,0 99 99 99 99 99,0,99,99,99,99,99
46333757,1 99 99 99 99 99,1,99,99,99,99,99
45054898,,,NA,NA,NA,NA,NA
43612870,0 99 99 99 99 99,0,99,99,99,99,99
31657735,1 1 2 4 1 99,1,1,2,4,1,99
50816979,0 99 99 99 99 99,0,99,99,99,99,99
39737809,0 99 99 99 99 99,0,99,99,99,99,99
46608243,0 99 99 99 99 99,0,99,99,99,99,99
51569349,0 99 99 99 99 99,0,99,99,99,99,99
32069742,,,NA,NA,NA,NA,NA
39305823,1 99 99 99 99 99,1,99,99,99,99,99
48304153,0 99 99 99 99 99,0,99,99,99,99,99
37790583,1 1 2 4 1 99,1,1,2,4,1,99
36366176,0 99 99 99 99 99,0,99,99,99,99,99
49563884,1 1 1 3 99 99,1,1,1,3,99,99
26865426,0 99 99 99 99 99,0,99,99,99,99,99
36439469,1 1 2 4 6 1,1,1,2,4,6,1
36403750,0 99 99 99 99 99,0,99,99,99,99,99
50480737,0 99 99 99 99 99,0,99,99,99,99,99
31131750,1 99 99 99 99 99,1,99,99,99,99,99
48899427,0 99 99 99 99 99,0,99,99,99,99,99
38714591,1 99 99 99 99 99,1,99,99,99,99,99
33047103,,,NA,NA,NA,NA,NA
30825221,0 99 99 99 99 99,0,99,99,99,99,99
35015588,1 3 1 99 99 99,1,3,1,99,99,99
43961056,,,NA,NA,NA,NA,NA
30314397,1 1 2 4 1 6,1,1,2,4,1,6
39382669,0 99 99 99 99 99,0,99,99,99,99,99
40701061,1 99 99 99 99 99,1,99,99,99,99,99
29283950,0 99 99 99 99 99,0,99,99,99,99,99
35980943,0 99 99 99 99 99,0,99,99,99,99,99
32005189,0 99 99 99 99 99,0,99,99,99,99,99
37882473,1 1 2 4 1 99,1,1,2,4,1,99
29182639,,,NA,NA,NA,NA,NA
53852721,,,NA,NA,NA,NA,NA
51871267,0 99 99 99 99 99,0,99,99,99,99,99
37159559,0 99 99 99 99 99,0,99,99,99,99,99
30718544,1 1 2 4 1 99,1,1,2,4,1,99
42939183,0 99 99 99 99 99,0,99,99,99,99,99
33445030,,,NA,NA,NA,NA,NA
43718141,0 99 99 99 99 99,0,99,99,99,99,99
46692451,0 99 99 99 99 99,0,99,99,99,99,99
38874604,0 99 99 99 99 99,0,99,99,99,99,99
40505347,,,NA,NA,NA,NA,NA
51187665,1 1 2 4 1 99,1,1,2,4,1,99
55617384,1 4 1 99 99 99,1,4,1,99,99,99
52824542,,,NA,NA,NA,NA,NA
43475030,1 1 3 99 99 99,1,1,3,99,99,99
47769445,1 3 1 99 99 99,1,3,1,99,99,99
36254636,0 99 99 99 99 99,0,99,99,99,99,99
27960188,0 99 99 99 99 99,0,99,99,99,99,99
36496320,0 99 99 99 99 99,0,99,99,99,99,99
53852721,,,NA,NA,NA,NA,NA
38044615,0 99 99 99 99 99,0,99,99,99,99,99
42535074,0 99 99 99 99 99,0,99,99,99,99,99
38052245,1 1 2 4 1 1,1,1,2,4,1,1
51787418,0 99 99 99 99 99,0,99,99,99,99,99
31874151,,,NA,NA,NA,NA,NA
37892451,1 3 1 99 99 99,1,3,1,99,99,99
51152515,0 99 99 99 99 99,0,99,99,99,99,99
42322563,,,NA,NA,NA,NA,NA
31090815,1 99 99 99 99 99,1,99,99,99,99,99
49527385,0 99 99 99 99 99,0,99,99,99,99,99
45446595,1 99 99 99 99 99,1,99,99,99,99,99
32840867,0 99 99 99 99 99,0,99,99,99,99,99
33006244,0 99 99 99 99 99,0,99,99,99,99,99
51670951,0 99 99 99 99 99,0,99,99,99,99,99
48966763,,,NA,NA,NA,NA,NA
36035722,1 4 1 99 99 99,1,4,1,99,99,99
45447558,0 99 99 99 99 99,0,99,99,99,99,99
51668506,0 99 99 99 99 99,0,99,99,99,99,99
30395532,,,NA,NA,NA,NA,NA
43122527,,,NA,NA,NA,NA,NA
45043020,0 99 99 99 99 99,0,99,99,99,99,99
725724,0 99 99 99 99 99,0,99,99,99,99,99
27215086,0 99 99 99 99 99,0,99,99,99,99,99
44522989,,,NA,NA,NA,NA,NA
55160121,0 99 99 99 99 99,0,99,99,99,99,99
49279555,,,NA,NA,NA,NA,NA
48624955,0 99 99 99 99 99,0,99,99,99,99,99
50550599,1 1 2 4 1 99,1,1,2,4,1,99
44278671,0 99 99 99 99 99,0,99,99,99,99,99
55584246,0 99 99 99 99 99,0,99,99,99,99,99
33567383,,,NA,NA,NA,NA,NA
43540013,0 99 99 99 99 99,0,99,99,99,99,99
46282790,,,NA,NA,NA,NA,NA
46211212,0 99 99 99 99 99,0,99,99,99,99,99
50182287,0 99 99 99 99 99,0,99,99,99,99,99
38085061,1 1 2 4 3 99,1,1,2,4,3,99
36656419,,,NA,NA,NA,NA,NA
43601186,,,NA,NA,NA,NA,NA
38219042,1 3 1 99 99 99,1,3,1,99,99,99
48131216,0 99 99 99 99 99,0,99,99,99,99,99
47124604,0 99 99 99 99 99,0,99,99,99,99,99
38183278,0 99 99 99 99 99,0,99,99,99,99,99
37039493,0 99 99 99 99 99,0,99,99,99,99,99
30283584,,,NA,NA,NA,NA,NA
39925346,0 99 99 99 99 99,0,99,99,99,99,99
48145389,1 1 2 5 1 99,1,1,2,5,1,99
43532644,0 99 99 99 99 99,0,99,99,99,99,99
49259350,,,NA,NA,NA,NA,NA
38607653,0 99 99 99 99 99,0,99,99,99,99,99
38622765,0 99 99 99 99 99,0,99,99,99,99,99
35787138,0 99 99 99 99 99,0,99,99,99,99,99
37063889,0 99 99 99 99 99,0,99,99,99,99,99
51892690,,,NA,NA,NA,NA,NA
41827979,,,NA,NA,NA,NA,NA
38862313,0 99 99 99 99 99,0,99,99,99,99,99
53085591,0 99 99 99 99 99,0,99,99,99,99,99
46474555,,,NA,NA,NA,NA,NA
48791143,,,NA,NA,NA,NA,NA
29798944,0 99 99 99 99 99,0,99,99,99,99,99
34858220,1 3 1 99 99 99,1,3,1,99,99,99
54533663,,,NA,NA,NA,NA,NA
44411601,0 99 99 99 99 99,0,99,99,99,99,99
53220110,1 3 1 99 99 99,1,3,1,99,99,99
54566136,1 3 1 99 99 99,1,3,1,99,99,99
51113012,1 99 99 99 99 99,1,99,99,99,99,99
41756877,,,NA,NA,NA,NA,NA
54459776,0 99 99 99 99 99,0,99,99,99,99,99
47878768,,,NA,NA,NA,NA,NA
27798897,0 99 99 99 99 99,0,99,99,99,99,99
37680724,1 99 99 99 99 99,1,99,99,99,99,99
36809710,0 99 99 99 99 99,0,99,99,99,99,99
47101830,0 99 99 99 99 99,0,99,99,99,99,99
51347406,0 99 99 99 99 99,0,99,99,99,99,99
44073368,1 1 2 4 1 1,1,1,2,4,1,1
42077163,1 1 2 4 1 99,1,1,2,4,1,99
27635132,,,NA,NA,NA,NA,NA
37489435,0 99 99 99 99 99,0,99,99,99,99,99
37204257,0 99 99 99 99 99,0,99,99,99,99,99
50020809,0 99 99 99 99 99,0,99,99,99,99,99
36398437,0 99 99 99 99 99,0,99,99,99,99,99
51508823,,,NA,NA,NA,NA,NA
50957084,0 99 99 99 99 99,0,99,99,99,99,99
50231634,1 1 2 4 1 99,1,1,2,4,1,99
50344262,0 99 99 99 99 99,0,99,99,99,99,99
41857842,,,NA,NA,NA,NA,NA
43955833,0 99 99 99 99 99,0,99,99,99,99,99
27138908,,,NA,NA,NA,NA,NA
42997287,1 1 2 4 1 99,1,1,2,4,1,99
31260939,,,NA,NA,NA,NA,NA
38542591,1 1 2 5 1 99,1,1,2,5,1,99
35795277,1 99 99 99 99 99,1,99,99,99,99,99
53297906,0 99 99 99 99 99,0,99,99,99,99,99
32077949,,,NA,NA,NA,NA,NA
49563887,0 99 99 99 99 99,0,99,99,99,99,99
55157494,,,NA,NA,NA,NA,NA
1052529,1 99 99 99 99 99,1,99,99,99,99,99
38746658,0 99 99 99 99 99,0,99,99,99,99,99
27484059,0 99 99 99 99 99,0,99,99,99,99,99
51669305,1 3 1 99 99 99,1,3,1,99,99,99
54176264,0 99 99 99 99 99,0,99,99,99,99,99
54766628,1 1 2 4 1 99,1,1,2,4,1,99
27129936,,,NA,NA,NA,NA,NA
28647810,0 99 99 99 99 99,0,99,99,99,99,99
42986240,0 99 99 99 99 99,0,99,99,99,99,99
53589402,0 99 99 99 99 99,0,99,99,99,99,99
33816969,,,NA,NA,NA,NA,NA
45179629,0 99 99 99 99 99,0,99,99,99,99,99
54168354,0 99 99 99 99 99,0,99,99,99,99,99
26918534,0 99 99 99 99 99,0,99,99,99,99,99
44627262,,,NA,NA,NA,NA,NA
39812526,0 99 99 99 99 99,0,99,99,99,99,99
28301820,0 99 99 99 99 99,0,99,99,99,99,99
30456393,1 3 1 99 99 99,1,3,1,99,99,99
50217197,0 99 99 99 99 99,0,99,99,99,99,99
38217859,0 99 99 99 99 99,0,99,99,99,99,99
44157432,,,NA,NA,NA,NA,NA
37785836,1 3 1 99 99 99,1,3,1,99,99,99
55575172,0 99 99 99 99 99,0,99,99,99,99,99
47365962,0 99 99 99 99 99,0,99,99,99,99,99
36333517,1 3 1 99 99 99,1,3,1,99,99,99
42164393,,,NA,NA,NA,NA,NA
38078002,1 3 1 99 99 99,1,3,1,99,99,99
34807414,0 99 99 99 99 99,0,99,99,99,99,99
36918085,0 99 99 99 99 99,0,99,99,99,99,99
30103631,0 99 99 99 99 99,0,99,99,99,99,99
36408520,0 99 99 99 99 99,0,99,99,99,99,99
53852721,,,NA,NA,NA,NA,NA
46802224,1 1 2 4 1 99,1,1,2,4,1,99
49880607,0 99 99 99 99 99,0,99,99,99,99,99
50920362,,,NA,NA,NA,NA,NA
51155617,0 99 99 99 99 99,0,99,99,99,99,99
41515847,0 99 99 99 99 99,0,99,99,99,99,99
37761646,,,NA,NA,NA,NA,NA
36150076,0 99 99 99 99 99,0,99,99,99,99,99
31991569,0 99 99 99 99 99,0,99,99,99,99,99
52440824,1 3 1 99 99 99,1,3,1,99,99,99
32970512,0 99 99 99 99 99,0,99,99,99,99,99
48335245,1 1 2 4 1 99,1,1,2,4,1,99
51605451,1 3 1 99 99 99,1,3,1,99,99,99
46611096,0 99 99 99 99 99,0,99,99,99,99,99
36672457,0 99 99 99 99 99,0,99,99,99,99,99
630741,0 99 99 99 99 99,0,99,99,99,99,99
36136228,0 99 99 99 99 99,0,99,99,99,99,99
51133301,,,NA,NA,NA,NA,NA
45474114,0 99 99 99 99 99,0,99,99,99,99,99
42138837,0 99 99 99 99 99,0,99,99,99,99,99
38118247,,,NA,NA,NA,NA,NA
34499710,0 99 99 99 99 99,0,99,99,99,99,99
48824631,0 99 99 99 99 99,0,99,99,99,99,99
36739454,1 2 99 4 1 99,1,2,99,4,1,99
48460594,0 99 99 99 99 99,0,99,99,99,99,99
763269,0 99 99 99 99 99,0,99,99,99,99,99
43560561,1 1 2 5 1 99,1,1,2,5,1,99
44289248,0 99 99 99 99 99,0,99,99,99,99,99
35797215,0 99 99 99 99 99,0,99,99,99,99,99
43779753,,,NA,NA,NA,NA,NA
40172461,0 99 99 99 99 99,0,99,99,99,99,99
42390392,,,NA,NA,NA,NA,NA
52223557,0 99 99 99 99 99,0,99,99,99,99,99
48159103,1 99 99 99 99 99,1,99,99,99,99,99
43550358,,,NA,NA,NA,NA,NA
52121812,0 99 99 99 99 99,0,99,99,99,99,99
31026022,0 99 99 99 99 99,0,99,99,99,99,99
43531377,,,NA,NA,NA,NA,NA
31069373,0 99 99 99 99 99,0,99,99,99,99,99
38582215,0 99 99 99 99 99,0,99,99,99,99,99
52931461,0 99 99 99 99 99,0,99,99,99,99,99
36963237,0 99 99 99 99 99,0,99,99,99,99,99
38093048,,,NA,NA,NA,NA,NA
36421377,0 99 99 99 99 99,0,99,99,99,99,99
55399042,0 99 99 99 99 99,0,99,99,99,99,99
43874089,0 99 99 99 99 99,0,99,99,99,99,99
54517207,1 1 2 4 1 99,1,1,2,4,1,99
53852721,,,NA,NA,NA,NA,NA
44695886,1 1 2 4 1 99,1,1,2,4,1,99
54780263,,,NA,NA,NA,NA,NA
52167254,0 99 99 99 99 99,0,99,99,99,99,99
53110627,1 1 2 4 1 1,1,1,2,4,1,1
53849698,1 99 99 99 99 99,1,99,99,99,99,99
36696129,,,NA,NA,NA,NA,NA
32604462,0 99 99 99 99 99,0,99,99,99,99,99
45885044,,,NA,NA,NA,NA,NA
28354919,0 99 99 99 99 99,0,99,99,99,99,99
46839456,,,NA,NA,NA,NA,NA
35170286,1 1 2 4 1 99,1,1,2,4,1,99
39430445,0 99 99 99 99 99,0,99,99,99,99,99
37127339,0 99 99 99 99 99,0,99,99,99,99,99
40501920,1 3 1 99 99 99,1,3,1,99,99,99
52602589,1 1 2 4 1 99,1,1,2,4,1,99
54738570,0 99 99 99 99 99,0,99,99,99,99,99
40381531,1 1 2 4 1 99,1,1,2,4,1,99
53110006,,,NA,NA,NA,NA,NA
37949922,1 1 2 4 1 99,1,1,2,4,1,99
37416572,0 99 99 99 99 99,0,99,99,99,99,99
36781864,0 99 99 99 99 99,0,99,99,99,99,99
45516237,1 1 2 4 1 99,1,1,2,4,1,99
38069756,,,NA,NA,NA,NA,NA
36720203,0 99 99 99 99 99,0,99,99,99,99,99
346292,1 1 2 4 1 6,1,1,2,4,1,6
40952538,1 1 2 5 1 99,1,1,2,5,1,99
48358874,0 99 99 99 99 99,0,99,99,99,99,99
34184787,1 3 1 99 99 99,1,3,1,99,99,99
49603491,0 99 99 99 99 99,0,99,99,99,99,99
36996369,1 1 2 4 1 99,1,1,2,4,1,99
44118068,,,NA,NA,NA,NA,NA
41718030,0 99 99 99 99 99,0,99,99,99,99,99
43433587,0 99 99 99 99 99,0,99,99,99,99,99
55619228,0 99 99 99 99 99,0,99,99,99,99,99
37154720,0 99 99 99 99 99,0,99,99,99,99,99
28548524,,,NA,NA,NA,NA,NA
31969327,1 99 99 99 99 99,1,99,99,99,99,99
36400050,0 99 99 99 99 99,0,99,99,99,99,99
27030263,1 3 1 99 99 99,1,3,1,99,99,99
36309704,1 1 2 4 1 99,1,1,2,4,1,99
37394989,1 3 1 99 99 99,1,3,1,99,99,99
33072001,0 99 99 99 99 99,0,99,99,99,99,99
32665296,1 1 2 4 1 99,1,1,2,4,1,99
52309841,,,NA,NA,NA,NA,NA
42156455,0 99 99 99 99 99,0,99,99,99,99,99
54007800,0 99 99 99 99 99,0,99,99,99,99,99
47074574,,,NA,NA,NA,NA,NA
48783626,,,NA,NA,NA,NA,NA
30939259,1 1 2 4 1 99,1,1,2,4,1,99
44326131,1 99 99 99 99 99,1,99,99,99,99,99
52548908,1 1 2 4 1 99,1,1,2,4,1,99
33136122,0 99 99 99 99 99,0,99,99,99,99,99
38069950,1 3 1 99 99 99,1,3,1,99,99,99
44629981,1 1 2 5 1 1,1,1,2,5,1,1
37045925,0 99 99 99 99 99,0,99,99,99,99,99
42470884,,,NA,NA,NA,NA,NA
35891873,0 99 99 99 99 99,0,99,99,99,99,99
38119629,0 99 99 99 99 99,0,99,99,99,99,99
49823216,0 99 99 99 99 99,0,99,99,99,99,99
28750275,0 99 99 99 99 99,0,99,99,99,99,99
31331579,1 3 1 99 99 99,1,3,1,99,99,99
39766130,0 99 99 99 99 99,0,99,99,99,99,99
32077088,0 99 99 99 99 99,0,99,99,99,99,99
35553443,0 99 99 99 99 99,0,99,99,99,99,99
50282256,0 99 99 99 99 99,0,99,99,99,99,99
42575422,1 1 2 4 1 99,1,1,2,4,1,99
37968568,,,NA,NA,NA,NA,NA
37248185,1 99 99 99 99 99,1,99,99,99,99,99
47228564,0 99 99 99 99 99,0,99,99,99,99,99
30154931,1 3 1 99 99 99,1,3,1,99,99,99
47278640,,,NA,NA,NA,NA,NA
54498894,1 1 2 4 1 99,1,1,2,4,1,99
890588,0 99 99 99 99 99,0,99,99,99,99,99
35909714,0 99 99 99 99 99,0,99,99,99,99,99
35583611,1 3 1 99 99 99,1,3,1,99,99,99
36843820,0 99 99 99 99 99,0,99,99,99,99,99
50368817,,,NA,NA,NA,NA,NA
55366586,0 99 99 99 99 99,0,99,99,99,99,99
39306230,1 99 99 99 99 99,1,99,99,99,99,99
50552650,1 1 2 4 1 99,1,1,2,4,1,99
36414348,,,NA,NA,NA,NA,NA
53852721,,,NA,NA,NA,NA,NA
38802113,0 99 99 99 99 99,0,99,99,99,99,99
47518449,0 99 99 99 99 99,0,99,99,99,99,99
48755725,0 99 99 99 99 99,0,99,99,99,99,99
49321769,1 1 2 4 1 99,1,1,2,4,1,99
45506536,1 3 1 99 99 99,1,3,1,99,99,99
43923904,0 99 99 99 99 99,0,99,99,99,99,99
43064704,1 1 2 5 1 2,1,1,2,5,1,2
36763088,0 99 99 99 99 99,0,99,99,99,99,99
43748192,1 1 2 4 1 99,1,1,2,4,1,99
33500386,,,NA,NA,NA,NA,NA
42795360,1 1 2 5 1 99,1,1,2,5,1,99
52330798,0 99 99 99 99 99,0,99,99,99,99,99
50346368,1 1 2 4 1 99,1,1,2,4,1,99
39434725,,,NA,NA,NA,NA,NA
36663682,0 99 99 99 99 99,0,99,99,99,99,99
36431066,1 1 2 4 1 99,1,1,2,4,1,99
40049711,0 99 99 99 99 99,0,99,99,99,99,99
37896562,,,NA,NA,NA,NA,NA
38467813,0 99 99 99 99 99,0,99,99,99,99,99
46091460,0 99 99 99 99 99,0,99,99,99,99,99
48731268,0 99 99 99 99 99,0,99,99,99,99,99
42838205,,,NA,NA,NA,NA,NA
50161243,,,NA,NA,NA,NA,NA
37640111,1 3 1 99 99 99,1,3,1,99,99,99
36808981,1 1 2 4 1 99,1,1,2,4,1,99
53030559,,,NA,NA,NA,NA,NA
28348137,0 99 99 99 99 99,0,99,99,99,99,99
49080696,0 99 99 99 99 99,0,99,99,99,99,99
54468417,0 99 99 99 99 99,0,99,99,99,99,99
37941947,0 99 99 99 99 99,0,99,99,99,99,99
30495446,0 99 99 99 99 99,0,99,99,99,99,99
37269842,0 99 99 99 99 99,0,99,99,99,99,99
32766416,,,NA,NA,NA,NA,NA
38436551,1 99 99 99 99 99,1,99,99,99,99,99
30275818,1 99 99 99 99 99,1,99,99,99,99,99
26933411,1 1 2 4 1 99,1,1,2,4,1,99
32904728,,,NA,NA,NA,NA,NA
46521839,0 99 99 99 99 99,0,99,99,99,99,99
51693107,1 3 1 99 99 99,1,3,1,99,99,99
36538259,1 1 2 4 1 99,1,1,2,4,1,99
35596071,,,NA,NA,NA,NA,NA
42427659,0 99 99 99 99 99,0,99,99,99,99,99
49834987,,,NA,NA,NA,NA,NA
47811471,1 1 99 99 99 99,1,1,99,99,99,99
45017283,0 99 99 99 99 99,0,99,99,99,99,99
768458,0 99 99 99 99 99,0,99,99,99,99,99
37018365,0 99 99 99 99 99,0,99,99,99,99,99
43972849,,,NA,NA,NA,NA,NA
31226391,0 99 99 99 99 99,0,99,99,99,99,99
42504512,1 1 2 4 2 99,1,1,2,4,2,99
27311493,,,NA,NA,NA,NA,NA
44064631,,,NA,NA,NA,NA,NA
43066354,1 1 2 4 2 1,1,1,2,4,2,1
36373795,1 1 2 4 1 99,1,1,2,4,1,99
36356331,1 1 2 4 1 99,1,1,2,4,1,99
574498,0 99 99 99 99 99,0,99,99,99,99,99
690219,1 3 1 99 99 99,1,3,1,99,99,99
39765170,0 99 99 99 99 99,0,99,99,99,99,99
43493683,,,NA,NA,NA,NA,NA
