relevance,party,support,discourse,people,elite,article_nr
0,99,99,99,99,99,1
0,99,99,99,99,99,2
0,99,99,99,99,99,3
0,99,99,99,99,99,4
0,99,99,99,99,99,5
0,99,99,99,99,99,6
0,99,99,99,99,99,7
1,3,1,2,99,99,8
0,99,99,99,99,99,9
99,99,99,99,99,99,10
99,99,99,99,99,99,11
0,99,99,99,99,99,12
99,99,99,99,99,99,13
99,99,99,99,99,99,14
99,99,99,99,99,99,15
99,99,99,99,99,99,16
99,99,99,99,99,99,17
99,99,99,99,99,99,18
99,99,99,99,99,99,19
99,99,99,99,99,99,20
99,99,99,99,99,99,21
99,99,99,99,99,99,22
99,99,99,99,99,99,23
99,99,99,99,99,99,24
99,99,99,99,99,99,25
99,99,99,99,99,99,26
99,99,99,99,99,99,27
99,99,99,99,99,99,28
99,99,99,99,99,99,29
99,99,99,99,99,99,30
99,99,99,99,99,99,31
99,99,99,99,99,99,32
99,99,99,99,99,99,33
99,99,99,99,99,99,34
99,99,99,99,99,99,35
99,99,99,99,99,99,36
99,99,99,99,99,99,37
99,99,99,99,99,99,38
0,99,99,99,99,99,39
99,99,99,99,99,99,40
99,99,99,99,99,99,41
99,99,99,99,99,99,42
99,99,99,99,99,99,43
99,99,99,99,99,99,44
99,99,99,99,99,99,45
99,99,99,99,99,99,46
99,99,99,99,99,99,47
99,99,99,99,99,99,48
99,99,99,99,99,99,49
99,99,99,99,99,99,50
99,99,99,99,99,99,51
99,99,99,99,99,99,52
99,99,99,99,99,99,53
99,99,99,99,99,99,54
99,99,99,99,99,99,55
99,99,99,99,99,99,56
99,99,99,99,99,99,57
99,99,99,99,99,99,58
99,99,99,99,99,99,59
99,99,99,99,99,99,60
0,99,99,99,99,99,61
99,99,99,99,99,99,62
99,99,99,99,99,99,63
99,99,99,99,99,99,64
0,99,99,99,99,99,65
99,99,99,99,99,99,66
99,99,99,99,99,99,67
99,99,99,99,99,99,68
99,99,99,99,99,99,69
99,99,99,99,99,99,70
99,99,99,99,99,99,71
99,99,99,99,99,99,72
99,99,99,99,99,99,73
99,99,99,99,99,99,74
0,99,99,99,99,99,75
99,99,99,99,99,99,76
99,99,99,99,99,99,77
99,99,99,99,99,99,78
99,99,99,99,99,99,79
99,99,99,99,99,99,80
99,99,99,99,99,99,81
99,99,99,99,99,99,82
99,99,99,99,99,99,83
99,99,99,99,99,99,84
99,99,99,99,99,99,85
99,99,99,99,99,99,86
99,99,99,99,99,99,87
99,99,99,99,99,99,88
99,99,99,99,99,99,89
99,99,99,99,99,99,90
99,99,99,99,99,99,91
99,99,99,99,99,99,92
99,99,99,99,99,99,93
99,99,99,99,99,99,94
99,99,99,99,99,99,95
99,99,99,99,99,99,96
99,99,99,99,99,99,97
99,99,99,99,99,99,98
0,99,99,99,99,99,99
99,99,99,99,99,99,100
99,99,99,99,99,99,101
99,99,99,99,99,99,102
99,99,99,99,99,99,103
99,99,99,99,99,99,104
99,99,99,99,99,99,105
99,99,99,99,99,99,106
99,99,99,99,99,99,107
99,99,99,99,99,99,108
99,99,99,99,99,99,109
99,99,99,99,99,99,110
99,99,99,99,99,99,111
99,99,99,99,99,99,112
99,99,99,99,99,99,113
99,99,99,99,99,99,114
99,99,99,99,99,99,115
99,99,99,99,99,99,116
99,99,99,99,99,99,117
99,99,99,99,99,99,118
99,99,99,99,99,99,119
0,99,99,99,99,99,120
99,99,99,99,99,99,121
99,99,99,99,99,99,122
99,99,99,99,99,99,123
99,99,99,99,99,99,124
99,99,99,99,99,99,125
99,99,99,99,99,99,126
99,99,99,99,99,99,127
99,99,99,99,99,99,128
99,99,99,99,99,99,129
99,99,99,99,99,99,130
99,99,99,99,99,99,131
99,99,99,99,99,99,132
99,99,99,99,99,99,133
99,99,99,99,99,99,134
99,99,99,99,99,99,135
99,99,99,99,99,99,136
99,99,99,99,99,99,137
99,99,99,99,99,99,138
99,99,99,99,99,99,139
99,99,99,99,99,99,140
99,99,99,99,99,99,141
0,99,99,99,99,99,142
99,99,99,99,99,99,143
99,99,99,99,99,99,144
99,99,99,99,99,99,145
99,99,99,99,99,99,146
99,99,99,99,99,99,147
99,99,99,99,99,99,148
99,99,99,99,99,99,149
99,99,99,99,99,99,150
99,99,99,99,99,99,151
1,99,99,99,99,99,152
99,99,99,99,99,99,153
99,99,99,99,99,99,154
99,99,99,99,99,99,155
99,99,99,99,99,99,156
99,99,99,99,99,99,157
99,99,99,99,99,99,158
99,99,99,99,99,99,159
99,99,99,99,99,99,160
99,99,99,99,99,99,161
99,99,99,99,99,99,162
99,99,99,99,99,99,163
99,99,99,99,99,99,164
99,99,99,99,99,99,165
99,99,99,99,99,99,166
99,99,99,99,99,99,167
99,99,99,99,99,99,168
99,99,99,99,99,99,169
99,99,99,99,99,99,170
99,99,99,99,99,99,171
99,99,99,99,99,99,172
99,99,99,99,99,99,173
99,99,99,99,99,99,174
99,99,99,99,99,99,175
99,99,99,99,99,99,176
99,99,99,99,99,99,177
99,99,99,99,99,99,178
99,99,99,99,99,99,179
0,99,99,99,99,99,180
99,99,99,99,99,99,181
99,99,99,99,99,99,182
99,99,99,99,99,99,183
99,99,99,99,99,99,184
99,99,99,99,99,99,185
99,99,99,99,99,99,186
99,99,99,99,99,99,187
99,99,99,99,99,99,188
99,99,99,99,99,99,189
99,99,99,99,99,99,190
99,99,99,99,99,99,191
99,99,99,99,99,99,192
99,99,99,99,99,99,193
99,99,99,99,99,99,194
99,99,99,99,99,99,195
99,99,99,99,99,99,196
99,99,99,99,99,99,197
99,99,99,99,99,99,198
99,99,99,99,99,99,199
99,99,99,99,99,99,200
99,99,99,99,99,99,201
99,99,99,99,99,99,202
99,99,99,99,99,99,203
99,99,99,99,99,99,204
99,99,99,99,99,99,205
99,99,99,99,99,99,206
99,99,99,99,99,99,207
99,99,99,99,99,99,208
99,99,99,99,99,99,209
99,99,99,99,99,99,210
99,99,99,99,99,99,211
99,99,99,99,99,99,212
1,3,1,99,99,99,213
99,99,99,99,99,99,214
99,99,99,99,99,99,215
99,99,99,99,99,99,216
99,99,99,99,99,99,217
99,99,99,99,99,99,218
99,99,99,99,99,99,219
99,99,99,99,99,99,220
99,99,99,99,99,99,221
99,99,99,99,99,99,222
99,99,99,99,99,99,223
0,99,99,99,99,99,224
99,99,99,99,99,99,225
99,99,99,99,99,99,226
99,99,99,99,99,99,227
99,99,99,99,99,99,228
99,99,99,99,99,99,229
99,99,99,99,99,99,230
99,99,99,99,99,99,231
99,99,99,99,99,99,232
99,99,99,99,99,99,233
99,99,99,99,99,99,234
0,99,99,99,99,99,235
99,99,99,99,99,99,236
99,99,99,99,99,99,237
99,99,99,99,99,99,238
99,99,99,99,99,99,239
99,99,99,99,99,99,240
99,99,99,99,99,99,241
99,99,99,99,99,99,242
99,99,99,99,99,99,243
99,99,99,99,99,99,244
99,99,99,99,99,99,245
99,99,99,99,99,99,246
99,99,99,99,99,99,247
99,99,99,99,99,99,248
99,99,99,99,99,99,249
99,99,99,99,99,99,250
99,99,99,99,99,99,251
99,99,99,99,99,99,252
99,99,99,99,99,99,253
99,99,99,99,99,99,254
99,99,99,99,99,99,255
99,99,99,99,99,99,256
99,99,99,99,99,99,257
99,99,99,99,99,99,258
99,99,99,99,99,99,259
99,99,99,99,99,99,260
99,99,99,99,99,99,261
99,99,99,99,99,99,262
99,99,99,99,99,99,263
99,99,99,99,99,99,264
99,99,99,99,99,99,265
0,99,99,99,99,99,266
99,99,99,99,99,99,267
99,99,99,99,99,99,268
99,99,99,99,99,99,269
99,99,99,99,99,99,270
99,99,99,99,99,99,271
99,99,99,99,99,99,272
99,99,99,99,99,99,273
99,99,99,99,99,99,274
99,99,99,99,99,99,275
99,99,99,99,99,99,276
99,99,99,99,99,99,277
99,99,99,99,99,99,278
99,99,99,99,99,99,279
99,99,99,99,99,99,280
99,99,99,99,99,99,281
99,99,99,99,99,99,282
99,99,99,99,99,99,283
99,99,99,99,99,99,284
99,99,99,99,99,99,285
99,99,99,99,99,99,286
99,99,99,99,99,99,287
99,99,99,99,99,99,288
99,99,99,99,99,99,289
99,99,99,99,99,99,290
99,99,99,99,99,99,291
99,99,99,99,99,99,292
99,99,99,99,99,99,293
99,99,99,99,99,99,294
99,99,99,99,99,99,295
99,99,99,99,99,99,296
99,99,99,99,99,99,297
0,99,99,99,99,99,298
99,99,99,99,99,99,299
99,99,99,99,99,99,300
99,99,99,99,99,99,301
99,99,99,99,99,99,302
99,99,99,99,99,99,303
99,99,99,99,99,99,304
99,99,99,99,99,99,305
99,99,99,99,99,99,306
99,99,99,99,99,99,307
99,99,99,99,99,99,308
99,99,99,99,99,99,309
99,99,99,99,99,99,310
99,99,99,99,99,99,311
99,99,99,99,99,99,312
99,99,99,99,99,99,313
99,99,99,99,99,99,314
99,99,99,99,99,99,315
99,99,99,99,99,99,316
99,99,99,99,99,99,317
99,99,99,99,99,99,318
99,99,99,99,99,99,319
99,99,99,99,99,99,320
99,99,99,99,99,99,321
99,99,99,99,99,99,322
99,99,99,99,99,99,323
99,99,99,99,99,99,324
99,99,99,99,99,99,325
0,99,99,99,99,99,326
99,99,99,99,99,99,327
99,99,99,99,99,99,328
99,99,99,99,99,99,329
99,99,99,99,99,99,330
99,99,99,99,99,99,331
99,99,99,99,99,99,332
99,99,99,99,99,99,333
99,99,99,99,99,99,334
99,99,99,99,99,99,335
99,99,99,99,99,99,336
99,99,99,99,99,99,337
99,99,99,99,99,99,338
99,99,99,99,99,99,339
99,99,99,99,99,99,340
99,99,99,99,99,99,341
99,99,99,99,99,99,342
99,99,99,99,99,99,343
99,99,99,99,99,99,344
99,99,99,99,99,99,345
99,99,99,99,99,99,346
99,99,99,99,99,99,347
99,99,99,99,99,99,348
99,99,99,99,99,99,349
99,99,99,99,99,99,350
99,99,99,99,99,99,351
99,99,99,99,99,99,352
99,99,99,99,99,99,353
99,99,99,99,99,99,354
99,99,99,99,99,99,355
99,99,99,99,99,99,356
0,99,99,99,99,99,357
99,99,99,99,99,99,358
99,99,99,99,99,99,359
99,99,99,99,99,99,360
99,99,99,99,99,99,361
99,99,99,99,99,99,362
99,99,99,99,99,99,363
99,99,99,99,99,99,364
99,99,99,99,99,99,365
99,99,99,99,99,99,366
99,99,99,99,99,99,367
99,99,99,99,99,99,368
99,99,99,99,99,99,369
99,99,99,99,99,99,370
99,99,99,99,99,99,371
99,99,99,99,99,99,372
99,99,99,99,99,99,373
99,99,99,99,99,99,374
99,99,99,99,99,99,375
99,99,99,99,99,99,376
99,99,99,99,99,99,377
99,99,99,99,99,99,378
99,99,99,99,99,99,379
99,99,99,99,99,99,380
99,99,99,99,99,99,381
0,99,99,99,99,99,382
99,99,99,99,99,99,383
99,99,99,99,99,99,384
99,99,99,99,99,99,385
99,99,99,99,99,99,386
99,99,99,99,99,99,387
99,99,99,99,99,99,388
99,99,99,99,99,99,389
99,99,99,99,99,99,390
99,99,99,99,99,99,391
99,99,99,99,99,99,392
99,99,99,99,99,99,393
0,99,99,99,99,99,394
99,99,99,99,99,99,395
99,99,99,99,99,99,396
99,99,99,99,99,99,397
99,99,99,99,99,99,398
99,99,99,99,99,99,399
99,99,99,99,99,99,400
99,99,99,99,99,99,401
99,99,99,99,99,99,402
99,99,99,99,99,99,403
99,99,99,99,99,99,404
99,99,99,99,99,99,405
99,99,99,99,99,99,406
99,99,99,99,99,99,407
99,99,99,99,99,99,408
99,99,99,99,99,99,409
99,99,99,99,99,99,410
99,99,99,99,99,99,411
99,99,99,99,99,99,412
99,99,99,99,99,99,413
99,99,99,99,99,99,414
99,99,99,99,99,99,415
0,99,99,99,99,99,416
99,99,99,99,99,99,417
99,99,99,99,99,99,418
99,99,99,99,99,99,419
99,99,99,99,99,99,420
99,99,99,99,99,99,421
99,99,99,99,99,99,422
99,99,99,99,99,99,423
99,99,99,99,99,99,424
99,99,99,99,99,99,425
0,99,99,99,99,99,426
99,99,99,99,99,99,427
99,99,99,99,99,99,428
99,99,99,99,99,99,429
99,99,99,99,99,99,430
99,99,99,99,99,99,431
99,99,99,99,99,99,432
99,99,99,99,99,99,433
99,99,99,99,99,99,434
99,99,99,99,99,99,435
99,99,99,99,99,99,436
99,99,99,99,99,99,437
99,99,99,99,99,99,438
99,99,99,99,99,99,439
99,99,99,99,99,99,440
0,99,99,99,99,99,441
99,99,99,99,99,99,442
99,99,99,99,99,99,443
99,99,99,99,99,99,444
99,99,99,99,99,99,445
99,99,99,99,99,99,446
99,99,99,99,99,99,447
99,99,99,99,99,99,448
99,99,99,99,99,99,449
99,99,99,99,99,99,450
99,99,99,99,99,99,451
99,99,99,99,99,99,452
99,99,99,99,99,99,453
99,99,99,99,99,99,454
99,99,99,99,99,99,455
99,99,99,99,99,99,456
99,99,99,99,99,99,457
99,99,99,99,99,99,458
99,99,99,99,99,99,459
99,99,99,99,99,99,460
99,99,99,99,99,99,461
99,99,99,99,99,99,462
99,99,99,99,99,99,463
99,99,99,99,99,99,464
99,99,99,99,99,99,465
99,99,99,99,99,99,466
99,99,99,99,99,99,467
0,99,99,99,99,99,468
0,99,99,99,99,99,469
99,99,99,99,99,99,470
99,99,99,99,99,99,471
0,99,99,99,99,99,472
99,99,99,99,99,99,473
99,99,99,99,99,99,474
99,99,99,99,99,99,475
99,99,99,99,99,99,476
99,99,99,99,99,99,477
99,99,99,99,99,99,478
99,99,99,99,99,99,479
99,99,99,99,99,99,480
99,99,99,99,99,99,481
99,99,99,99,99,99,482
99,99,99,99,99,99,483
99,99,99,99,99,99,484
99,99,99,99,99,99,485
99,99,99,99,99,99,486
99,99,99,99,99,99,487
99,99,99,99,99,99,488
99,99,99,99,99,99,489
99,99,99,99,99,99,490
99,99,99,99,99,99,491
99,99,99,99,99,99,492
0,99,99,99,99,99,493
99,99,99,99,99,99,494
99,99,99,99,99,99,495
99,99,99,99,99,99,496
99,99,99,99,99,99,497
99,99,99,99,99,99,498
99,99,99,99,99,99,499
99,99,99,99,99,99,500
99,99,99,99,99,99,501
99,99,99,99,99,99,502
99,99,99,99,99,99,503
99,99,99,99,99,99,504
99,99,99,99,99,99,505
99,99,99,99,99,99,506
99,99,99,99,99,99,507
99,99,99,99,99,99,508
99,99,99,99,99,99,509
99,99,99,99,99,99,510
99,99,99,99,99,99,511
99,99,99,99,99,99,512
99,99,99,99,99,99,513
99,99,99,99,99,99,514
99,99,99,99,99,99,515
99,99,99,99,99,99,516
99,99,99,99,99,99,517
99,99,99,99,99,99,518
99,99,99,99,99,99,519
99,99,99,99,99,99,520
99,99,99,99,99,99,521
99,99,99,99,99,99,522
1,3,1,99,99,99,523
99,99,99,99,99,99,524
99,99,99,99,99,99,525
99,99,99,99,99,99,526
99,99,99,99,99,99,527
99,99,99,99,99,99,528
99,99,99,99,99,99,529
99,99,99,99,99,99,530
99,99,99,99,99,99,531
99,99,99,99,99,99,532
99,99,99,99,99,99,533
99,99,99,99,99,99,534
99,99,99,99,99,99,535
99,99,99,99,99,99,536
99,99,99,99,99,99,537
99,99,99,99,99,99,538
99,99,99,99,99,99,539
99,99,99,99,99,99,540
99,99,99,99,99,99,541
99,99,99,99,99,99,542
99,99,99,99,99,99,543
99,99,99,99,99,99,544
99,99,99,99,99,99,545
99,99,99,99,99,99,546
99,99,99,99,99,99,547
99,99,99,99,99,99,548
99,99,99,99,99,99,549
99,99,99,99,99,99,550
99,99,99,99,99,99,551
99,99,99,99,99,99,552
99,99,99,99,99,99,553
99,99,99,99,99,99,554
99,99,99,99,99,99,555
99,99,99,99,99,99,556
99,99,99,99,99,99,557
99,99,99,99,99,99,558
99,99,99,99,99,99,559
0,99,99,99,99,99,560
99,99,99,99,99,99,561
99,99,99,99,99,99,562
99,99,99,99,99,99,563
99,99,99,99,99,99,564
99,99,99,99,99,99,565
99,99,99,99,99,99,566
99,99,99,99,99,99,567
99,99,99,99,99,99,568
99,99,99,99,99,99,569
99,99,99,99,99,99,570
99,99,99,99,99,99,571
99,99,99,99,99,99,572
99,99,99,99,99,99,573
99,99,99,99,99,99,574
99,99,99,99,99,99,575
99,99,99,99,99,99,576
99,99,99,99,99,99,577
99,99,99,99,99,99,578
99,99,99,99,99,99,579
99,99,99,99,99,99,580
99,99,99,99,99,99,581
99,99,99,99,99,99,582
99,99,99,99,99,99,583
99,99,99,99,99,99,584
99,99,99,99,99,99,585
99,99,99,99,99,99,586
99,99,99,99,99,99,587
0,99,99,99,99,99,588
99,99,99,99,99,99,589
99,99,99,99,99,99,590
99,99,99,99,99,99,591
99,99,99,99,99,99,592
99,99,99,99,99,99,593
99,99,99,99,99,99,594
99,99,99,99,99,99,595
99,99,99,99,99,99,596
99,99,99,99,99,99,597
99,99,99,99,99,99,598
99,99,99,99,99,99,599
99,99,99,99,99,99,600
99,99,99,99,99,99,601
99,99,99,99,99,99,602
99,99,99,99,99,99,603
99,99,99,99,99,99,604
99,99,99,99,99,99,605
99,99,99,99,99,99,606
99,99,99,99,99,99,607
99,99,99,99,99,99,608
99,99,99,99,99,99,609
99,99,99,99,99,99,610
99,99,99,99,99,99,611
99,99,99,99,99,99,612
99,99,99,99,99,99,613
99,99,99,99,99,99,614
99,99,99,99,99,99,615
99,99,99,99,99,99,616
99,99,99,99,99,99,617
99,99,99,99,99,99,618
99,99,99,99,99,99,619
99,99,99,99,99,99,620
99,99,99,99,99,99,621
0,99,99,99,99,99,622
99,99,99,99,99,99,623
99,99,99,99,99,99,624
99,99,99,99,99,99,625
99,99,99,99,99,99,626
99,99,99,99,99,99,627
99,99,99,99,99,99,628
99,99,99,99,99,99,629
99,99,99,99,99,99,630
99,99,99,99,99,99,631
99,99,99,99,99,99,632
99,99,99,99,99,99,633
99,99,99,99,99,99,634
99,99,99,99,99,99,635
99,99,99,99,99,99,636
99,99,99,99,99,99,637
99,99,99,99,99,99,638
99,99,99,99,99,99,639
99,99,99,99,99,99,640
99,99,99,99,99,99,641
99,99,99,99,99,99,642
99,99,99,99,99,99,643
99,99,99,99,99,99,644
99,99,99,99,99,99,645
99,99,99,99,99,99,646
99,99,99,99,99,99,647
99,99,99,99,99,99,648
99,99,99,99,99,99,649
99,99,99,99,99,99,650
99,99,99,99,99,99,651
99,99,99,99,99,99,652
99,99,99,99,99,99,653
99,99,99,99,99,99,654
99,99,99,99,99,99,655
99,99,99,99,99,99,656
99,99,99,99,99,99,657
99,99,99,99,99,99,658
99,99,99,99,99,99,659
0,99,99,99,99,99,660
99,99,99,99,99,99,661
99,99,99,99,99,99,662
99,99,99,99,99,99,663
99,99,99,99,99,99,664
99,99,99,99,99,99,665
99,99,99,99,99,99,666
99,99,99,99,99,99,667
99,99,99,99,99,99,668
99,99,99,99,99,99,669
99,99,99,99,99,99,670
99,99,99,99,99,99,671
99,99,99,99,99,99,672
99,99,99,99,99,99,673
99,99,99,99,99,99,674
99,99,99,99,99,99,675
99,99,99,99,99,99,676
99,99,99,99,99,99,677
99,99,99,99,99,99,678
99,99,99,99,99,99,679
99,99,99,99,99,99,680
99,99,99,99,99,99,681
99,99,99,99,99,99,682
99,99,99,99,99,99,683
99,99,99,99,99,99,684
99,99,99,99,99,99,685
99,99,99,99,99,99,686
99,99,99,99,99,99,687
99,99,99,99,99,99,688
99,99,99,99,99,99,689
0,99,99,99,99,99,690
99,99,99,99,99,99,691
99,99,99,99,99,99,692
99,99,99,99,99,99,693
99,99,99,99,99,99,694
99,99,99,99,99,99,695
99,99,99,99,99,99,696
99,99,99,99,99,99,697
99,99,99,99,99,99,698
99,99,99,99,99,99,699
99,99,99,99,99,99,700
99,99,99,99,99,99,701
99,99,99,99,99,99,702
99,99,99,99,99,99,703
99,99,99,99,99,99,704
99,99,99,99,99,99,705
99,99,99,99,99,99,706
99,99,99,99,99,99,707
99,99,99,99,99,99,708
99,99,99,99,99,99,709
99,99,99,99,99,99,710
99,99,99,99,99,99,711
99,99,99,99,99,99,712
99,99,99,99,99,99,713
99,99,99,99,99,99,714
99,99,99,99,99,99,715
0,99,99,99,99,99,716
99,99,99,99,99,99,717
0,99,99,99,99,99,718
99,99,99,99,99,99,719
99,99,99,99,99,99,720
99,99,99,99,99,99,721
99,99,99,99,99,99,722
99,99,99,99,99,99,723
99,99,99,99,99,99,724
99,99,99,99,99,99,725
99,99,99,99,99,99,726
99,99,99,99,99,99,727
99,99,99,99,99,99,728
99,99,99,99,99,99,729
99,99,99,99,99,99,730
99,99,99,99,99,99,731
99,99,99,99,99,99,732
99,99,99,99,99,99,733
99,99,99,99,99,99,734
99,99,99,99,99,99,735
99,99,99,99,99,99,736
99,99,99,99,99,99,737
99,99,99,99,99,99,738
0,99,99,99,99,99,739
99,99,99,99,99,99,740
99,99,99,99,99,99,741
99,99,99,99,99,99,742
0,99,99,99,99,99,743
99,99,99,99,99,99,744
99,99,99,99,99,99,745
99,99,99,99,99,99,746
99,99,99,99,99,99,747
99,99,99,99,99,99,748
99,99,99,99,99,99,749
99,99,99,99,99,99,750
99,99,99,99,99,99,751
99,99,99,99,99,99,752
99,99,99,99,99,99,753
99,99,99,99,99,99,754
99,99,99,99,99,99,755
99,99,99,99,99,99,756
99,99,99,99,99,99,757
99,99,99,99,99,99,758
99,99,99,99,99,99,759
99,99,99,99,99,99,760
99,99,99,99,99,99,761
99,99,99,99,99,99,762
99,99,99,99,99,99,763
99,99,99,99,99,99,764
99,99,99,99,99,99,765
99,99,99,99,99,99,766
99,99,99,99,99,99,767
99,99,99,99,99,99,768
99,99,99,99,99,99,769
99,99,99,99,99,99,770
99,99,99,99,99,99,771
0,99,99,99,99,99,772
99,99,99,99,99,99,773
99,99,99,99,99,99,774
99,99,99,99,99,99,775
99,99,99,99,99,99,776
99,99,99,99,99,99,777
99,99,99,99,99,99,778
99,99,99,99,99,99,779
99,99,99,99,99,99,780
99,99,99,99,99,99,781
99,99,99,99,99,99,782
99,99,99,99,99,99,783
99,99,99,99,99,99,784
99,99,99,99,99,99,785
99,99,99,99,99,99,786
99,99,99,99,99,99,787
99,99,99,99,99,99,788
99,99,99,99,99,99,789
99,99,99,99,99,99,790
99,99,99,99,99,99,791
99,99,99,99,99,99,792
99,99,99,99,99,99,793
99,99,99,99,99,99,794
99,99,99,99,99,99,795
0,99,99,99,99,99,796
99,99,99,99,99,99,797
99,99,99,99,99,99,798
99,99,99,99,99,99,799
99,99,99,99,99,99,800
99,99,99,99,99,99,801
99,99,99,99,99,99,802
99,99,99,99,99,99,803
99,99,99,99,99,99,804
99,99,99,99,99,99,805
99,99,99,99,99,99,806
99,99,99,99,99,99,807
0,99,99,99,99,99,808
99,99,99,99,99,99,809
99,99,99,99,99,99,810
99,99,99,99,99,99,811
99,99,99,99,99,99,812
99,99,99,99,99,99,813
99,99,99,99,99,99,814
99,99,99,99,99,99,815
99,99,99,99,99,99,816
99,99,99,99,99,99,817
99,99,99,99,99,99,818
99,99,99,99,99,99,819
99,99,99,99,99,99,820
99,99,99,99,99,99,821
99,99,99,99,99,99,822
99,99,99,99,99,99,823
99,99,99,99,99,99,824
99,99,99,99,99,99,825
99,99,99,99,99,99,826
99,99,99,99,99,99,827
99,99,99,99,99,99,828
99,99,99,99,99,99,829
99,99,99,99,99,99,830
99,99,99,99,99,99,831
0,99,99,99,99,99,832
99,99,99,99,99,99,833
99,99,99,99,99,99,834
99,99,99,99,99,99,835
99,99,99,99,99,99,836
99,99,99,99,99,99,837
99,99,99,99,99,99,838
99,99,99,99,99,99,839
99,99,99,99,99,99,840
99,99,99,99,99,99,841
99,99,99,99,99,99,842
99,99,99,99,99,99,843
99,99,99,99,99,99,844
99,99,99,99,99,99,845
99,99,99,99,99,99,846
99,99,99,99,99,99,847
99,99,99,99,99,99,848
99,99,99,99,99,99,849
99,99,99,99,99,99,850
99,99,99,99,99,99,851
99,99,99,99,99,99,852
99,99,99,99,99,99,853
99,99,99,99,99,99,854
99,99,99,99,99,99,855
99,99,99,99,99,99,856
99,99,99,99,99,99,857
99,99,99,99,99,99,858
0,99,99,99,99,99,859
99,99,99,99,99,99,860
99,99,99,99,99,99,861
99,99,99,99,99,99,862
99,99,99,99,99,99,863
99,99,99,99,99,99,864
99,99,99,99,99,99,865
99,99,99,99,99,99,866
99,99,99,99,99,99,867
99,99,99,99,99,99,868
99,99,99,99,99,99,869
99,99,99,99,99,99,870
99,99,99,99,99,99,871
99,99,99,99,99,99,872
99,99,99,99,99,99,873
99,99,99,99,99,99,874
99,99,99,99,99,99,875
99,99,99,99,99,99,876
99,99,99,99,99,99,877
99,99,99,99,99,99,878
99,99,99,99,99,99,879
99,99,99,99,99,99,880
99,99,99,99,99,99,881
99,99,99,99,99,99,882
99,99,99,99,99,99,883
99,99,99,99,99,99,884
99,99,99,99,99,99,885
99,99,99,99,99,99,886
99,99,99,99,99,99,887
99,99,99,99,99,99,888
99,99,99,99,99,99,889
99,99,99,99,99,99,890
99,99,99,99,99,99,891
0,99,99,99,99,99,892
99,99,99,99,99,99,893
99,99,99,99,99,99,894
99,99,99,99,99,99,895
99,99,99,99,99,99,896
99,99,99,99,99,99,897
99,99,99,99,99,99,898
99,99,99,99,99,99,899
99,99,99,99,99,99,900
99,99,99,99,99,99,901
99,99,99,99,99,99,902
99,99,99,99,99,99,903
99,99,99,99,99,99,904
99,99,99,99,99,99,905
99,99,99,99,99,99,906
99,99,99,99,99,99,907
99,99,99,99,99,99,908
99,99,99,99,99,99,909
99,99,99,99,99,99,910
99,99,99,99,99,99,911
99,99,99,99,99,99,912
99,99,99,99,99,99,913
99,99,99,99,99,99,914
99,99,99,99,99,99,915
99,99,99,99,99,99,916
99,99,99,99,99,99,917
99,99,99,99,99,99,918
99,99,99,99,99,99,919
99,99,99,99,99,99,920
99,99,99,99,99,99,921
99,99,99,99,99,99,922
99,99,99,99,99,99,923
0,99,99,99,99,99,924
0,99,99,99,99,99,925
99,99,99,99,99,99,926
99,99,99,99,99,99,927
99,99,99,99,99,99,928
99,99,99,99,99,99,929
99,99,99,99,99,99,930
99,99,99,99,99,99,931
99,99,99,99,99,99,932
99,99,99,99,99,99,933
99,99,99,99,99,99,934
99,99,99,99,99,99,935
99,99,99,99,99,99,936
99,99,99,99,99,99,937
99,99,99,99,99,99,938
99,99,99,99,99,99,939
99,99,99,99,99,99,940
99,99,99,99,99,99,941
99,99,99,99,99,99,942
99,99,99,99,99,99,943
99,99,99,99,99,99,944
99,99,99,99,99,99,945
99,99,99,99,99,99,946
99,99,99,99,99,99,947
99,99,99,99,99,99,948
99,99,99,99,99,99,949
99,99,99,99,99,99,950
99,99,99,99,99,99,951
99,99,99,99,99,99,952
99,99,99,99,99,99,953
99,99,99,99,99,99,954
0,99,99,99,99,99,955
99,99,99,99,99,99,956
99,99,99,99,99,99,957
99,99,99,99,99,99,958
99,99,99,99,99,99,959
99,99,99,99,99,99,960
99,99,99,99,99,99,961
99,99,99,99,99,99,962
99,99,99,99,99,99,963
99,99,99,99,99,99,964
99,99,99,99,99,99,965
99,99,99,99,99,99,966
99,99,99,99,99,99,967
99,99,99,99,99,99,968
99,99,99,99,99,99,969
99,99,99,99,99,99,970
99,99,99,99,99,99,971
99,99,99,99,99,99,972
99,99,99,99,99,99,973
99,99,99,99,99,99,974
99,99,99,99,99,99,975
99,99,99,99,99,99,976
99,99,99,99,99,99,977
99,99,99,99,99,99,978
99,99,99,99,99,99,979
99,99,99,99,99,99,980
99,99,99,99,99,99,981
99,99,99,99,99,99,982
99,99,99,99,99,99,983
99,99,99,99,99,99,984
0,99,99,99,99,99,985
99,99,99,99,99,99,986
99,99,99,99,99,99,987
99,99,99,99,99,99,988
99,99,99,99,99,99,989
99,99,99,99,99,99,990
99,99,99,99,99,99,991
99,99,99,99,99,99,992
99,99,99,99,99,99,993
99,99,99,99,99,99,994
99,99,99,99,99,99,995
99,99,99,99,99,99,996
99,99,99,99,99,99,997
99,99,99,99,99,99,998
99,99,99,99,99,99,999
99,99,99,99,99,99,1000
99,99,99,99,99,99,1001
99,99,99,99,99,99,1002
99,99,99,99,99,99,1003
99,99,99,99,99,99,1004
99,99,99,99,99,99,1005
99,99,99,99,99,99,1006
99,99,99,99,99,99,1007
99,99,99,99,99,99,1008
99,99,99,99,99,99,1009
99,99,99,99,99,99,1010
99,99,99,99,99,99,1011
99,99,99,99,99,99,1012
99,99,99,99,99,99,1013
99,99,99,99,99,99,1014
99,99,99,99,99,99,1015
99,99,99,99,99,99,1016
99,99,99,99,99,99,1017
0,99,99,99,99,99,1018
99,99,99,99,99,99,1019
99,99,99,99,99,99,1020
99,99,99,99,99,99,1021
99,99,99,99,99,99,1022
99,99,99,99,99,99,1023
99,99,99,99,99,99,1024
99,99,99,99,99,99,1025
99,99,99,99,99,99,1026
99,99,99,99,99,99,1027
99,99,99,99,99,99,1028
99,99,99,99,99,99,1029
99,99,99,99,99,99,1030
99,99,99,99,99,99,1031
99,99,99,99,99,99,1032
99,99,99,99,99,99,1033
99,99,99,99,99,99,1034
99,99,99,99,99,99,1035
99,99,99,99,99,99,1036
99,99,99,99,99,99,1037
99,99,99,99,99,99,1038
99,99,99,99,99,99,1039
99,99,99,99,99,99,1040
99,99,99,99,99,99,1041
99,99,99,99,99,99,1042
99,99,99,99,99,99,1043
99,99,99,99,99,99,1044
99,99,99,99,99,99,1045
99,99,99,99,99,99,1046
99,99,99,99,99,99,1047
99,99,99,99,99,99,1048
99,99,99,99,99,99,1049
99,99,99,99,99,99,1050
99,99,99,99,99,99,1051
99,99,99,99,99,99,1052
0,99,99,99,99,99,1053
99,99,99,99,99,99,1054
99,99,99,99,99,99,1055
99,99,99,99,99,99,1056
99,99,99,99,99,99,1057
99,99,99,99,99,99,1058
99,99,99,99,99,99,1059
99,99,99,99,99,99,1060
99,99,99,99,99,99,1061
99,99,99,99,99,99,1062
99,99,99,99,99,99,1063
99,99,99,99,99,99,1064
99,99,99,99,99,99,1065
99,99,99,99,99,99,1066
99,99,99,99,99,99,1067
99,99,99,99,99,99,1068
99,99,99,99,99,99,1069
99,99,99,99,99,99,1070
99,99,99,99,99,99,1071
99,99,99,99,99,99,1072
99,99,99,99,99,99,1073
99,99,99,99,99,99,1074
99,99,99,99,99,99,1075
99,99,99,99,99,99,1076
99,99,99,99,99,99,1077
99,99,99,99,99,99,1078
99,99,99,99,99,99,1079
99,99,99,99,99,99,1080
99,99,99,99,99,99,1081
99,99,99,99,99,99,1082
99,99,99,99,99,99,1083
99,99,99,99,99,99,1084
99,99,99,99,99,99,1085
0,99,99,99,99,99,1086
99,99,99,99,99,99,1087
99,99,99,99,99,99,1088
99,99,99,99,99,99,1089
99,99,99,99,99,99,1090
99,99,99,99,99,99,1091
99,99,99,99,99,99,1092
99,99,99,99,99,99,1093
99,99,99,99,99,99,1094
99,99,99,99,99,99,1095
99,99,99,99,99,99,1096
99,99,99,99,99,99,1097
99,99,99,99,99,99,1098
99,99,99,99,99,99,1099
99,99,99,99,99,99,1100
99,99,99,99,99,99,1101
99,99,99,99,99,99,1102
99,99,99,99,99,99,1103
99,99,99,99,99,99,1104
99,99,99,99,99,99,1105
99,99,99,99,99,99,1106
99,99,99,99,99,99,1107
99,99,99,99,99,99,1108
99,99,99,99,99,99,1109
99,99,99,99,99,99,1110
1,1,2,4,99,99,1111
99,99,99,99,99,99,1112
99,99,99,99,99,99,1113
99,99,99,99,99,99,1114
99,99,99,99,99,99,1115
99,99,99,99,99,99,1116
99,99,99,99,99,99,1117
99,99,99,99,99,99,1118
99,99,99,99,99,99,1119
99,99,99,99,99,99,1120
99,99,99,99,99,99,1121
99,99,99,99,99,99,1122
99,99,99,99,99,99,1123
99,99,99,99,99,99,1124
99,99,99,99,99,99,1125
99,99,99,99,99,99,1126
99,99,99,99,99,99,1127
99,99,99,99,99,99,1128
99,99,99,99,99,99,1129
99,99,99,99,99,99,1130
99,99,99,99,99,99,1131
99,99,99,99,99,99,1132
99,99,99,99,99,99,1133
99,99,99,99,99,99,1134
99,99,99,99,99,99,1135
99,99,99,99,99,99,1136
99,99,99,99,99,99,1137
99,99,99,99,99,99,1138
99,99,99,99,99,99,1139
99,99,99,99,99,99,1140
99,99,99,99,99,99,1141
0,99,99,99,99,99,1142
99,99,99,99,99,99,1143
99,99,99,99,99,99,1144
99,99,99,99,99,99,1145
99,99,99,99,99,99,1146
99,99,99,99,99,99,1147
99,99,99,99,99,99,1148
99,99,99,99,99,99,1149
99,99,99,99,99,99,1150
99,99,99,99,99,99,1151
99,99,99,99,99,99,1152
99,99,99,99,99,99,1153
99,99,99,99,99,99,1154
99,99,99,99,99,99,1155
99,99,99,99,99,99,1156
99,99,99,99,99,99,1157
99,99,99,99,99,99,1158
99,99,99,99,99,99,1159
99,99,99,99,99,99,1160
99,99,99,99,99,99,1161
99,99,99,99,99,99,1162
99,99,99,99,99,99,1163
99,99,99,99,99,99,1164
99,99,99,99,99,99,1165
99,99,99,99,99,99,1166
99,99,99,99,99,99,1167
99,99,99,99,99,99,1168
99,99,99,99,99,99,1169
99,99,99,99,99,99,1170
99,99,99,99,99,99,1171
99,99,99,99,99,99,1172
99,99,99,99,99,99,1173
99,99,99,99,99,99,1174
99,99,99,99,99,99,1175
99,99,99,99,99,99,1176
99,99,99,99,99,99,1177
99,99,99,99,99,99,1178
0,99,99,99,99,99,1179
99,99,99,99,99,99,1180
99,99,99,99,99,99,1181
99,99,99,99,99,99,1182
99,99,99,99,99,99,1183
99,99,99,99,99,99,1184
99,99,99,99,99,99,1185
99,99,99,99,99,99,1186
99,99,99,99,99,99,1187
99,99,99,99,99,99,1188
99,99,99,99,99,99,1189
99,99,99,99,99,99,1190
99,99,99,99,99,99,1191
99,99,99,99,99,99,1192
99,99,99,99,99,99,1193
99,99,99,99,99,99,1194
99,99,99,99,99,99,1195
99,99,99,99,99,99,1196
99,99,99,99,99,99,1197
99,99,99,99,99,99,1198
99,99,99,99,99,99,1199
99,99,99,99,99,99,1200
99,99,99,99,99,99,1201
99,99,99,99,99,99,1202
99,99,99,99,99,99,1203
99,99,99,99,99,99,1204
99,99,99,99,99,99,1205
99,99,99,99,99,99,1206
99,99,99,99,99,99,1207
99,99,99,99,99,99,1208
0,99,99,99,99,99,1209
99,99,99,99,99,99,1210
99,99,99,99,99,99,1211
99,99,99,99,99,99,1212
99,99,99,99,99,99,1213
99,99,99,99,99,99,1214
99,99,99,99,99,99,1215
99,99,99,99,99,99,1216
99,99,99,99,99,99,1217
99,99,99,99,99,99,1218
99,99,99,99,99,99,1219
99,99,99,99,99,99,1220
99,99,99,99,99,99,1221
99,99,99,99,99,99,1222
99,99,99,99,99,99,1223
0,99,99,99,99,99,1224
99,99,99,99,99,99,1225
99,99,99,99,99,99,1226
99,99,99,99,99,99,1227
99,99,99,99,99,99,1228
99,99,99,99,99,99,1229
99,99,99,99,99,99,1230
99,99,99,99,99,99,1231
0,99,99,99,99,99,1232
99,99,99,99,99,99,1233
0,99,99,99,99,99,1234
99,99,99,99,99,99,1235
99,99,99,99,99,99,1236
99,99,99,99,99,99,1237
99,99,99,99,99,99,1238
99,99,99,99,99,99,1239
99,99,99,99,99,99,1240
99,99,99,99,99,99,1241
99,99,99,99,99,99,1242
99,99,99,99,99,99,1243
99,99,99,99,99,99,1244
99,99,99,99,99,99,1245
99,99,99,99,99,99,1246
99,99,99,99,99,99,1247
99,99,99,99,99,99,1248
99,99,99,99,99,99,1249
99,99,99,99,99,99,1250
99,99,99,99,99,99,1251
99,99,99,99,99,99,1252
99,99,99,99,99,99,1253
99,99,99,99,99,99,1254
99,99,99,99,99,99,1255
99,99,99,99,99,99,1256
99,99,99,99,99,99,1257
99,99,99,99,99,99,1258
99,99,99,99,99,99,1259
99,99,99,99,99,99,1260
99,99,99,99,99,99,1261
99,99,99,99,99,99,1262
99,99,99,99,99,99,1263
99,99,99,99,99,99,1264
99,99,99,99,99,99,1265
99,99,99,99,99,99,1266
0,99,99,99,99,99,1267
99,99,99,99,99,99,1268
99,99,99,99,99,99,1269
99,99,99,99,99,99,1270
99,99,99,99,99,99,1271
99,99,99,99,99,99,1272
99,99,99,99,99,99,1273
99,99,99,99,99,99,1274
99,99,99,99,99,99,1275
99,99,99,99,99,99,1276
99,99,99,99,99,99,1277
99,99,99,99,99,99,1278
99,99,99,99,99,99,1279
99,99,99,99,99,99,1280
99,99,99,99,99,99,1281
99,99,99,99,99,99,1282
99,99,99,99,99,99,1283
99,99,99,99,99,99,1284
99,99,99,99,99,99,1285
99,99,99,99,99,99,1286
99,99,99,99,99,99,1287
99,99,99,99,99,99,1288
99,99,99,99,99,99,1289
99,99,99,99,99,99,1290
99,99,99,99,99,99,1291
99,99,99,99,99,99,1292
99,99,99,99,99,99,1293
99,99,99,99,99,99,1294
99,99,99,99,99,99,1295
99,99,99,99,99,99,1296
99,99,99,99,99,99,1297
99,99,99,99,99,99,1298
99,99,99,99,99,99,1299
99,99,99,99,99,99,1300
99,99,99,99,99,99,1301
99,99,99,99,99,99,1302
99,99,99,99,99,99,1303
99,99,99,99,99,99,1304
0,99,99,99,99,99,1305
99,99,99,99,99,99,1306
99,99,99,99,99,99,1307
99,99,99,99,99,99,1308
99,99,99,99,99,99,1309
99,99,99,99,99,99,1310
99,99,99,99,99,99,1311
99,99,99,99,99,99,1312
99,99,99,99,99,99,1313
99,99,99,99,99,99,1314
99,99,99,99,99,99,1315
99,99,99,99,99,99,1316
99,99,99,99,99,99,1317
99,99,99,99,99,99,1318
99,99,99,99,99,99,1319
99,99,99,99,99,99,1320
99,99,99,99,99,99,1321
99,99,99,99,99,99,1322
99,99,99,99,99,99,1323
99,99,99,99,99,99,1324
99,99,99,99,99,99,1325
99,99,99,99,99,99,1326
99,99,99,99,99,99,1327
0,99,99,99,99,99,1328
99,99,99,99,99,99,1329
99,99,99,99,99,99,1330
99,99,99,99,99,99,1331
99,99,99,99,99,99,1332
99,99,99,99,99,99,1333
0,99,99,99,99,99,1334
99,99,99,99,99,99,1335
99,99,99,99,99,99,1336
99,99,99,99,99,99,1337
99,99,99,99,99,99,1338
99,99,99,99,99,99,1339
99,99,99,99,99,99,1340
99,99,99,99,99,99,1341
99,99,99,99,99,99,1342
99,99,99,99,99,99,1343
99,99,99,99,99,99,1344
99,99,99,99,99,99,1345
99,99,99,99,99,99,1346
99,99,99,99,99,99,1347
99,99,99,99,99,99,1348
99,99,99,99,99,99,1349
99,99,99,99,99,99,1350
99,99,99,99,99,99,1351
99,99,99,99,99,99,1352
99,99,99,99,99,99,1353
99,99,99,99,99,99,1354
99,99,99,99,99,99,1355
99,99,99,99,99,99,1356
99,99,99,99,99,99,1357
99,99,99,99,99,99,1358
99,99,99,99,99,99,1359
99,99,99,99,99,99,1360
99,99,99,99,99,99,1361
99,99,99,99,99,99,1362
99,99,99,99,99,99,1363
0,99,99,99,99,99,1364
99,99,99,99,99,99,1365
99,99,99,99,99,99,1366
99,99,99,99,99,99,1367
99,99,99,99,99,99,1368
99,99,99,99,99,99,1369
99,99,99,99,99,99,1370
99,99,99,99,99,99,1371
99,99,99,99,99,99,1372
99,99,99,99,99,99,1373
99,99,99,99,99,99,1374
99,99,99,99,99,99,1375
99,99,99,99,99,99,1376
99,99,99,99,99,99,1377
99,99,99,99,99,99,1378
99,99,99,99,99,99,1379
99,99,99,99,99,99,1380
99,99,99,99,99,99,1381
99,99,99,99,99,99,1382
99,99,99,99,99,99,1383
99,99,99,99,99,99,1384
99,99,99,99,99,99,1385
99,99,99,99,99,99,1386
99,99,99,99,99,99,1387
99,99,99,99,99,99,1388
99,99,99,99,99,99,1389
99,99,99,99,99,99,1390
99,99,99,99,99,99,1391
99,99,99,99,99,99,1392
99,99,99,99,99,99,1393
99,99,99,99,99,99,1394
99,99,99,99,99,99,1395
99,99,99,99,99,99,1396
99,99,99,99,99,99,1397
99,99,99,99,99,99,1398
99,99,99,99,99,99,1399
0,99,99,99,99,99,1400
99,99,99,99,99,99,1401
99,99,99,99,99,99,1402
99,99,99,99,99,99,1403
0,99,99,99,99,99,1404
99,99,99,99,99,99,1405
99,99,99,99,99,99,1406
99,99,99,99,99,99,1407
99,99,99,99,99,99,1408
99,99,99,99,99,99,1409
99,99,99,99,99,99,1410
99,99,99,99,99,99,1411
99,99,99,99,99,99,1412
99,99,99,99,99,99,1413
99,99,99,99,99,99,1414
99,99,99,99,99,99,1415
99,99,99,99,99,99,1416
99,99,99,99,99,99,1417
99,99,99,99,99,99,1418
99,99,99,99,99,99,1419
99,99,99,99,99,99,1420
99,99,99,99,99,99,1421
99,99,99,99,99,99,1422
99,99,99,99,99,99,1423
99,99,99,99,99,99,1424
99,99,99,99,99,99,1425
99,99,99,99,99,99,1426
99,99,99,99,99,99,1427
99,99,99,99,99,99,1428
0,99,99,99,99,99,1429
99,99,99,99,99,99,1430
99,99,99,99,99,99,1431
99,99,99,99,99,99,1432
99,99,99,99,99,99,1433
99,99,99,99,99,99,1434
99,99,99,99,99,99,1435
99,99,99,99,99,99,1436
99,99,99,99,99,99,1437
99,99,99,99,99,99,1438
99,99,99,99,99,99,1439
99,99,99,99,99,99,1440
99,99,99,99,99,99,1441
99,99,99,99,99,99,1442
99,99,99,99,99,99,1443
99,99,99,99,99,99,1444
99,99,99,99,99,99,1445
99,99,99,99,99,99,1446
99,99,99,99,99,99,1447
99,99,99,99,99,99,1448
99,99,99,99,99,99,1449
99,99,99,99,99,99,1450
99,99,99,99,99,99,1451
99,99,99,99,99,99,1452
99,99,99,99,99,99,1453
99,99,99,99,99,99,1454
99,99,99,99,99,99,1455
99,99,99,99,99,99,1456
99,99,99,99,99,99,1457
99,99,99,99,99,99,1458
99,99,99,99,99,99,1459
99,99,99,99,99,99,1460
99,99,99,99,99,99,1461
99,99,99,99,99,99,1462
0,99,99,99,99,99,1463
99,99,99,99,99,99,1464
99,99,99,99,99,99,1465
99,99,99,99,99,99,1466
99,99,99,99,99,99,1467
99,99,99,99,99,99,1468
99,99,99,99,99,99,1469
0,99,99,99,99,99,1470
0,99,99,99,99,99,1471
99,99,99,99,99,99,1472
99,99,99,99,99,99,1473
99,99,99,99,99,99,1474
99,99,99,99,99,99,1475
99,99,99,99,99,99,1476
99,99,99,99,99,99,1477
99,99,99,99,99,99,1478
99,99,99,99,99,99,1479
99,99,99,99,99,99,1480
99,99,99,99,99,99,1481
1,3,1,99,99,99,1482
99,99,99,99,99,99,1483
99,99,99,99,99,99,1484
99,99,99,99,99,99,1485
99,99,99,99,99,99,1486
99,99,99,99,99,99,1487
99,99,99,99,99,99,1488
99,99,99,99,99,99,1489
99,99,99,99,99,99,1490
99,99,99,99,99,99,1491
99,99,99,99,99,99,1492
99,99,99,99,99,99,1493
99,99,99,99,99,99,1494
99,99,99,99,99,99,1495
99,99,99,99,99,99,1496
99,99,99,99,99,99,1497
99,99,99,99,99,99,1498
99,99,99,99,99,99,1499
99,99,99,99,99,99,1500
99,99,99,99,99,99,1501
99,99,99,99,99,99,1502
99,99,99,99,99,99,1503
99,99,99,99,99,99,1504
99,99,99,99,99,99,1505
99,99,99,99,99,99,1506
99,99,99,99,99,99,1507
99,99,99,99,99,99,1508
99,99,99,99,99,99,1509
99,99,99,99,99,99,1510
99,99,99,99,99,99,1511
99,99,99,99,99,99,1512
99,99,99,99,99,99,1513
0,99,99,99,99,99,1514
99,99,99,99,99,99,1515
99,99,99,99,99,99,1516
99,99,99,99,99,99,1517
99,99,99,99,99,99,1518
99,99,99,99,99,99,1519
99,99,99,99,99,99,1520
99,99,99,99,99,99,1521
99,99,99,99,99,99,1522
99,99,99,99,99,99,1523
99,99,99,99,99,99,1524
99,99,99,99,99,99,1525
99,99,99,99,99,99,1526
99,99,99,99,99,99,1527
99,99,99,99,99,99,1528
99,99,99,99,99,99,1529
99,99,99,99,99,99,1530
99,99,99,99,99,99,1531
99,99,99,99,99,99,1532
99,99,99,99,99,99,1533
99,99,99,99,99,99,1534
99,99,99,99,99,99,1535
99,99,99,99,99,99,1536
99,99,99,99,99,99,1537
99,99,99,99,99,99,1538
99,99,99,99,99,99,1539
99,99,99,99,99,99,1540
99,99,99,99,99,99,1541
99,99,99,99,99,99,1542
99,99,99,99,99,99,1543
99,99,99,99,99,99,1544
99,99,99,99,99,99,1545
99,99,99,99,99,99,1546
99,99,99,99,99,99,1547
99,99,99,99,99,99,1548
99,99,99,99,99,99,1549
0,99,99,99,99,99,1550
99,99,99,99,99,99,1551
99,99,99,99,99,99,1552
99,99,99,99,99,99,1553
99,99,99,99,99,99,1554
99,99,99,99,99,99,1555
99,99,99,99,99,99,1556
99,99,99,99,99,99,1557
99,99,99,99,99,99,1558
99,99,99,99,99,99,1559
99,99,99,99,99,99,1560
99,99,99,99,99,99,1561
99,99,99,99,99,99,1562
99,99,99,99,99,99,1563
99,99,99,99,99,99,1564
99,99,99,99,99,99,1565
99,99,99,99,99,99,1566
99,99,99,99,99,99,1567
99,99,99,99,99,99,1568
99,99,99,99,99,99,1569
99,99,99,99,99,99,1570
99,99,99,99,99,99,1571
99,99,99,99,99,99,1572
99,99,99,99,99,99,1573
99,99,99,99,99,99,1574
99,99,99,99,99,99,1575
99,99,99,99,99,99,1576
99,99,99,99,99,99,1577
99,99,99,99,99,99,1578
99,99,99,99,99,99,1579
99,99,99,99,99,99,1580
99,99,99,99,99,99,1581
99,99,99,99,99,99,1582
99,99,99,99,99,99,1583
99,99,99,99,99,99,1584
99,99,99,99,99,99,1585
99,99,99,99,99,99,1586
99,99,99,99,99,99,1587
99,99,99,99,99,99,1588
99,99,99,99,99,99,1589
0,99,99,99,99,99,1590
99,99,99,99,99,99,1591
99,99,99,99,99,99,1592
99,99,99,99,99,99,1593
99,99,99,99,99,99,1594
99,99,99,99,99,99,1595
99,99,99,99,99,99,1596
99,99,99,99,99,99,1597
99,99,99,99,99,99,1598
99,99,99,99,99,99,1599
99,99,99,99,99,99,1600
99,99,99,99,99,99,1601
99,99,99,99,99,99,1602
99,99,99,99,99,99,1603
99,99,99,99,99,99,1604
99,99,99,99,99,99,1605
99,99,99,99,99,99,1606
99,99,99,99,99,99,1607
99,99,99,99,99,99,1608
99,99,99,99,99,99,1609
99,99,99,99,99,99,1610
99,99,99,99,99,99,1611
99,99,99,99,99,99,1612
99,99,99,99,99,99,1613
99,99,99,99,99,99,1614
99,99,99,99,99,99,1615
99,99,99,99,99,99,1616
99,99,99,99,99,99,1617
99,99,99,99,99,99,1618
99,99,99,99,99,99,1619
99,99,99,99,99,99,1620
99,99,99,99,99,99,1621
99,99,99,99,99,99,1622
99,99,99,99,99,99,1623
0,99,99,99,99,99,1624
99,99,99,99,99,99,1625
99,99,99,99,99,99,1626
99,99,99,99,99,99,1627
99,99,99,99,99,99,1628
99,99,99,99,99,99,1629
99,99,99,99,99,99,1630
99,99,99,99,99,99,1631
99,99,99,99,99,99,1632
99,99,99,99,99,99,1633
99,99,99,99,99,99,1634
99,99,99,99,99,99,1635
99,99,99,99,99,99,1636
99,99,99,99,99,99,1637
99,99,99,99,99,99,1638
99,99,99,99,99,99,1639
99,99,99,99,99,99,1640
99,99,99,99,99,99,1641
99,99,99,99,99,99,1642
99,99,99,99,99,99,1643
99,99,99,99,99,99,1644
99,99,99,99,99,99,1645
99,99,99,99,99,99,1646
99,99,99,99,99,99,1647
99,99,99,99,99,99,1648
99,99,99,99,99,99,1649
99,99,99,99,99,99,1650
99,99,99,99,99,99,1651
99,99,99,99,99,99,1652
99,99,99,99,99,99,1653
99,99,99,99,99,99,1654
99,99,99,99,99,99,1655
99,99,99,99,99,99,1656
99,99,99,99,99,99,1657
99,99,99,99,99,99,1658
99,99,99,99,99,99,1659
99,99,99,99,99,99,1660
99,99,99,99,99,99,1661
99,99,99,99,99,99,1662
99,99,99,99,99,99,1663
99,99,99,99,99,99,1664
0,99,99,99,99,99,1665
99,99,99,99,99,99,1666
99,99,99,99,99,99,1667
99,99,99,99,99,99,1668
99,99,99,99,99,99,1669
99,99,99,99,99,99,1670
99,99,99,99,99,99,1671
99,99,99,99,99,99,1672
99,99,99,99,99,99,1673
99,99,99,99,99,99,1674
99,99,99,99,99,99,1675
99,99,99,99,99,99,1676
99,99,99,99,99,99,1677
99,99,99,99,99,99,1678
99,99,99,99,99,99,1679
99,99,99,99,99,99,1680
99,99,99,99,99,99,1681
99,99,99,99,99,99,1682
99,99,99,99,99,99,1683
99,99,99,99,99,99,1684
99,99,99,99,99,99,1685
99,99,99,99,99,99,1686
99,99,99,99,99,99,1687
99,99,99,99,99,99,1688
99,99,99,99,99,99,1689
99,99,99,99,99,99,1690
99,99,99,99,99,99,1691
0,99,99,99,99,99,1692
99,99,99,99,99,99,1693
99,99,99,99,99,99,1694
99,99,99,99,99,99,1695
99,99,99,99,99,99,1696
99,99,99,99,99,99,1697
99,99,99,99,99,99,1698
99,99,99,99,99,99,1699
99,99,99,99,99,99,1700
99,99,99,99,99,99,1701
99,99,99,99,99,99,1702
99,99,99,99,99,99,1703
99,99,99,99,99,99,1704
99,99,99,99,99,99,1705
99,99,99,99,99,99,1706
99,99,99,99,99,99,1707
99,99,99,99,99,99,1708
99,99,99,99,99,99,1709
99,99,99,99,99,99,1710
99,99,99,99,99,99,1711
99,99,99,99,99,99,1712
99,99,99,99,99,99,1713
99,99,99,99,99,99,1714
99,99,99,99,99,99,1715
99,99,99,99,99,99,1716
99,99,99,99,99,99,1717
99,99,99,99,99,99,1718
99,99,99,99,99,99,1719
99,99,99,99,99,99,1720
99,99,99,99,99,99,1721
99,99,99,99,99,99,1722
0,99,99,99,99,99,1723
99,99,99,99,99,99,1724
99,99,99,99,99,99,1725
99,99,99,99,99,99,1726
99,99,99,99,99,99,1727
99,99,99,99,99,99,1728
99,99,99,99,99,99,1729
99,99,99,99,99,99,1730
99,99,99,99,99,99,1731
99,99,99,99,99,99,1732
99,99,99,99,99,99,1733
99,99,99,99,99,99,1734
99,99,99,99,99,99,1735
99,99,99,99,99,99,1736
99,99,99,99,99,99,1737
99,99,99,99,99,99,1738
99,99,99,99,99,99,1739
99,99,99,99,99,99,1740
99,99,99,99,99,99,1741
99,99,99,99,99,99,1742
99,99,99,99,99,99,1743
99,99,99,99,99,99,1744
99,99,99,99,99,99,1745
99,99,99,99,99,99,1746
99,99,99,99,99,99,1747
99,99,99,99,99,99,1748
99,99,99,99,99,99,1749
99,99,99,99,99,99,1750
99,99,99,99,99,99,1751
99,99,99,99,99,99,1752
99,99,99,99,99,99,1753
99,99,99,99,99,99,1754
99,99,99,99,99,99,1755
99,99,99,99,99,99,1756
99,99,99,99,99,99,1757
99,99,99,99,99,99,1758
99,99,99,99,99,99,1759
99,99,99,99,99,99,1760
0,99,99,99,99,99,1761
99,99,99,99,99,99,1762
99,99,99,99,99,99,1763
99,99,99,99,99,99,1764
99,99,99,99,99,99,1765
99,99,99,99,99,99,1766
99,99,99,99,99,99,1767
99,99,99,99,99,99,1768
99,99,99,99,99,99,1769
99,99,99,99,99,99,1770
99,99,99,99,99,99,1771
99,99,99,99,99,99,1772
99,99,99,99,99,99,1773
99,99,99,99,99,99,1774
99,99,99,99,99,99,1775
99,99,99,99,99,99,1776
99,99,99,99,99,99,1777
99,99,99,99,99,99,1778
99,99,99,99,99,99,1779
99,99,99,99,99,99,1780
99,99,99,99,99,99,1781
99,99,99,99,99,99,1782
99,99,99,99,99,99,1783
99,99,99,99,99,99,1784
99,99,99,99,99,99,1785
99,99,99,99,99,99,1786
99,99,99,99,99,99,1787
99,99,99,99,99,99,1788
99,99,99,99,99,99,1789
99,99,99,99,99,99,1790
99,99,99,99,99,99,1791
99,99,99,99,99,99,1792
99,99,99,99,99,99,1793
99,99,99,99,99,99,1794
0,99,99,99,99,99,1795
99,99,99,99,99,99,1796
99,99,99,99,99,99,1797
99,99,99,99,99,99,1798
99,99,99,99,99,99,1799
99,99,99,99,99,99,1800
99,99,99,99,99,99,1801
99,99,99,99,99,99,1802
99,99,99,99,99,99,1803
99,99,99,99,99,99,1804
99,99,99,99,99,99,1805
99,99,99,99,99,99,1806
99,99,99,99,99,99,1807
99,99,99,99,99,99,1808
99,99,99,99,99,99,1809
99,99,99,99,99,99,1810
99,99,99,99,99,99,1811
99,99,99,99,99,99,1812
99,99,99,99,99,99,1813
99,99,99,99,99,99,1814
99,99,99,99,99,99,1815
99,99,99,99,99,99,1816
99,99,99,99,99,99,1817
99,99,99,99,99,99,1818
99,99,99,99,99,99,1819
99,99,99,99,99,99,1820
99,99,99,99,99,99,1821
99,99,99,99,99,99,1822
99,99,99,99,99,99,1823
99,99,99,99,99,99,1824
0,99,99,99,99,99,1825
99,99,99,99,99,99,1826
99,99,99,99,99,99,1827
99,99,99,99,99,99,1828
99,99,99,99,99,99,1829
99,99,99,99,99,99,1830
99,99,99,99,99,99,1831
99,99,99,99,99,99,1832
99,99,99,99,99,99,1833
99,99,99,99,99,99,1834
99,99,99,99,99,99,1835
99,99,99,99,99,99,1836
99,99,99,99,99,99,1837
99,99,99,99,99,99,1838
99,99,99,99,99,99,1839
99,99,99,99,99,99,1840
99,99,99,99,99,99,1841
99,99,99,99,99,99,1842
99,99,99,99,99,99,1843
99,99,99,99,99,99,1844
99,99,99,99,99,99,1845
99,99,99,99,99,99,1846
99,99,99,99,99,99,1847
99,99,99,99,99,99,1848
99,99,99,99,99,99,1849
99,99,99,99,99,99,1850
1,3,1,99,99,99,1851
99,99,99,99,99,99,1852
99,99,99,99,99,99,1853
99,99,99,99,99,99,1854
99,99,99,99,99,99,1855
99,99,99,99,99,99,1856
99,99,99,99,99,99,1857
99,99,99,99,99,99,1858
99,99,99,99,99,99,1859
99,99,99,99,99,99,1860
99,99,99,99,99,99,1861
99,99,99,99,99,99,1862
99,99,99,99,99,99,1863
99,99,99,99,99,99,1864
99,99,99,99,99,99,1865
99,99,99,99,99,99,1866
99,99,99,99,99,99,1867
99,99,99,99,99,99,1868
99,99,99,99,99,99,1869
99,99,99,99,99,99,1870
99,99,99,99,99,99,1871
99,99,99,99,99,99,1872
99,99,99,99,99,99,1873
99,99,99,99,99,99,1874
99,99,99,99,99,99,1875
99,99,99,99,99,99,1876
99,99,99,99,99,99,1877
99,99,99,99,99,99,1878
99,99,99,99,99,99,1879
99,99,99,99,99,99,1880
0,99,99,99,99,99,1881
99,99,99,99,99,99,1882
99,99,99,99,99,99,1883
99,99,99,99,99,99,1884
99,99,99,99,99,99,1885
99,99,99,99,99,99,1886
99,99,99,99,99,99,1887
99,99,99,99,99,99,1888
99,99,99,99,99,99,1889
99,99,99,99,99,99,1890
0,99,99,99,99,99,1891
0,99,99,99,99,99,1892
99,99,99,99,99,99,1893
99,99,99,99,99,99,1894
99,99,99,99,99,99,1895
99,99,99,99,99,99,1896
99,99,99,99,99,99,1897
99,99,99,99,99,99,1898
99,99,99,99,99,99,1899
99,99,99,99,99,99,1900
99,99,99,99,99,99,1901
99,99,99,99,99,99,1902
99,99,99,99,99,99,1903
99,99,99,99,99,99,1904
99,99,99,99,99,99,1905
99,99,99,99,99,99,1906
99,99,99,99,99,99,1907
0,99,99,99,99,99,1908
99,99,99,99,99,99,1909
99,99,99,99,99,99,1910
99,99,99,99,99,99,1911
99,99,99,99,99,99,1912
99,99,99,99,99,99,1913
99,99,99,99,99,99,1914
99,99,99,99,99,99,1915
99,99,99,99,99,99,1916
99,99,99,99,99,99,1917
99,99,99,99,99,99,1918
99,99,99,99,99,99,1919
99,99,99,99,99,99,1920
99,99,99,99,99,99,1921
99,99,99,99,99,99,1922
99,99,99,99,99,99,1923
99,99,99,99,99,99,1924
99,99,99,99,99,99,1925
99,99,99,99,99,99,1926
99,99,99,99,99,99,1927
99,99,99,99,99,99,1928
99,99,99,99,99,99,1929
99,99,99,99,99,99,1930
99,99,99,99,99,99,1931
99,99,99,99,99,99,1932
99,99,99,99,99,99,1933
99,99,99,99,99,99,1934
99,99,99,99,99,99,1935
99,99,99,99,99,99,1936
99,99,99,99,99,99,1937
99,99,99,99,99,99,1938
99,99,99,99,99,99,1939
99,99,99,99,99,99,1940
99,99,99,99,99,99,1941
99,99,99,99,99,99,1942
0,99,99,99,99,99,1943
99,99,99,99,99,99,1944
99,99,99,99,99,99,1945
99,99,99,99,99,99,1946
99,99,99,99,99,99,1947
99,99,99,99,99,99,1948
99,99,99,99,99,99,1949
99,99,99,99,99,99,1950
99,99,99,99,99,99,1951
99,99,99,99,99,99,1952
99,99,99,99,99,99,1953
99,99,99,99,99,99,1954
99,99,99,99,99,99,1955
99,99,99,99,99,99,1956
99,99,99,99,99,99,1957
99,99,99,99,99,99,1958
99,99,99,99,99,99,1959
99,99,99,99,99,99,1960
99,99,99,99,99,99,1961
99,99,99,99,99,99,1962
99,99,99,99,99,99,1963
99,99,99,99,99,99,1964
99,99,99,99,99,99,1965
99,99,99,99,99,99,1966
99,99,99,99,99,99,1967
99,99,99,99,99,99,1968
99,99,99,99,99,99,1969
99,99,99,99,99,99,1970
99,99,99,99,99,99,1971
99,99,99,99,99,99,1972
99,99,99,99,99,99,1973
99,99,99,99,99,99,1974
99,99,99,99,99,99,1975
0,99,99,99,99,99,1976
99,99,99,99,99,99,1977
99,99,99,99,99,99,1978
99,99,99,99,99,99,1979
99,99,99,99,99,99,1980
99,99,99,99,99,99,1981
99,99,99,99,99,99,1982
99,99,99,99,99,99,1983
0,99,99,99,99,99,1984
99,99,99,99,99,99,1985
99,99,99,99,99,99,1986
99,99,99,99,99,99,1987
99,99,99,99,99,99,1988
99,99,99,99,99,99,1989
99,99,99,99,99,99,1990
99,99,99,99,99,99,1991
99,99,99,99,99,99,1992
99,99,99,99,99,99,1993
99,99,99,99,99,99,1994
99,99,99,99,99,99,1995
99,99,99,99,99,99,1996
99,99,99,99,99,99,1997
99,99,99,99,99,99,1998
99,99,99,99,99,99,1999
1,99,99,99,99,99,2000
